numerical__Year,numerical__Mileage_Km,numerical__Engine_CC,numerical__Power_BHP,numerical__Previous_Owners,numerical__Accidents_Reported,numerical__Service_Score,nominal__Brand_Honda,nominal__Brand_Hyundai,nominal__Brand_Kia,nominal__Brand_Mahindra,nominal__Brand_Maruti,nominal__Brand_Renault,nominal__Brand_Skoda,nominal__Brand_Tata,nominal__Brand_Toyota,nominal__Brand_Volkswagen,nominal__Fuel_Type_CNG,nominal__Fuel_Type_Diesel,nominal__Fuel_Type_Electric,nominal__Fuel_Type_Petrol,nominal__Transmission_Automatic,nominal__Transmission_Manual,nominal__City_Ahmedabad,nominal__City_Bengaluru,nominal__City_Chandigarh,nominal__City_Delhi,nominal__City_Hyderabad,nominal__City_Jaipur,nominal__City_Kochi,nominal__City_Lucknow,nominal__City_Mumbai,nominal__City_Pune,nominal__Seller_Type_Certified Dealer,nominal__Seller_Type_Dealer,nominal__Seller_Type_Individual,ordinal__Condition,Resale_Price_Lakh
0.4224857987970934,-0.10218658048380248,-0.40300530281820607,-0.6668572743267785,-0.755751510402082,0.0,-0.3738212228476445,0.0,0.0,0.0,0.0,0.0,0.0,1.0,0.0,0.0,0.0,0.0,1.0,0.0,0.0,0.0,1.0,0.0,0.0,0.0,0.0,0.0,0.0,0.0,1.0,0.0,0.0,0.0,0.0,1.0,2.0,6.38
0.11952679461766508,0.4396218795550614,-0.9575834735112618,-0.11301805927697003,-0.755751510402082,0.0,0.8304350655206063,0.0,0.0,0.0,0.0,0.0,0.0,0.0,0.0,1.0,0.0,0.0,1.0,0.0,0.0,1.0,0.0,0.0,0.0,1.0,0.0,0.0,0.0,0.0,0.0,0.0,0.0,0.0,0.0,1.0,2.0,4.83
0.4224857987970934,-0.8386708075496174,0.2517978384820284,1.119821775353678,0.484456096411591,0.0,1.0712863231942564,0.0,0.0,0.0,0.0,0.0,0.0,0.0,0.0,0.0,1.0,0.0,1.0,0.0,0.0,1.0,0.0,0.0,0.0,0.0,0.0,1.0,0.0,0.0,0.0,0.0,0.0,0.0,0.0,1.0,3.0,7.3
-0.18343220956176326,-0.06999965950199129,1.6393568759991919,-0.04105025167162728,1.7246637032252639,0.0,-0.8555237381949448,0.0,0.0,0.0,0.0,0.0,0.0,0.0,1.0,0.0,0.0,0.0,0.0,0.0,1.0,0.0,1.0,0.0,0.0,0.0,0.0,0.0,0.0,0.0,1.0,0.0,0.0,0.0,0.0,1.0,4.0,3.82
-1.0923092221000483,0.7885348851410339,0.7217415895512443,1.7487578331221052,0.484456096411591,0.0,0.5895838078469561,0.0,0.0,0.0,0.0,0.0,0.0,0.0,1.0,0.0,0.0,0.0,0.0,0.0,1.0,1.0,0.0,1.0,0.0,0.0,0.0,0.0,0.0,0.0,0.0,0.0,0.0,0.0,1.0,0.0,3.0,1.93
-0.4863912137411916,0.20524231623360217,-0.36514253614438297,0.1341757146718149,-0.755751510402082,0.0,0.5093000552890727,0.0,0.0,0.0,0.0,1.0,0.0,0.0,0.0,0.0,0.0,0.0,1.0,0.0,0.0,0.0,1.0,0.0,0.0,0.0,1.0,0.0,0.0,0.0,0.0,0.0,0.0,0.0,0.0,1.0,4.0,5.83
-1.0923092221000483,0.8115376539550763,-0.3673697577134314,-0.09737288371059125,-0.755751510402082,0.0,-1.1766587484264783,0.0,0.0,1.0,0.0,0.0,0.0,0.0,0.0,0.0,0.0,0.0,0.0,0.0,1.0,0.0,1.0,0.0,1.0,0.0,0.0,0.0,0.0,0.0,0.0,0.0,0.0,0.0,0.0,1.0,2.0,1.2
-1.3952682262794767,0.5639329115120301,-0.23596368513957483,0.040304661273542215,0.484456096411591,0.0,-0.21325371773187773,0.0,0.0,1.0,0.0,0.0,0.0,0.0,0.0,0.0,0.0,0.0,1.0,0.0,0.0,0.0,1.0,0.0,0.0,0.0,0.0,1.0,0.0,0.0,0.0,0.0,0.0,0.0,0.0,1.0,1.0,1.2
-0.7893502179206199,0.909398327668871,-0.29164422436578524,1.2262089692050542,-0.755751510402082,0.0,-0.8555237381949448,0.0,0.0,0.0,0.0,0.0,0.0,0.0,0.0,0.0,1.0,0.0,1.0,0.0,0.0,0.0,1.0,0.0,0.0,0.0,0.0,0.0,0.0,0.0,1.0,0.0,0.0,0.0,1.0,0.0,1.0,1.61
-1.3952682262794767,2.1436918611575004,-0.0021054203894910815,0.09975632842578176,-0.755751510402082,0.0,-0.7752399856370614,1.0,0.0,0.0,0.0,0.0,0.0,0.0,0.0,0.0,0.0,0.0,1.0,0.0,0.0,0.0,1.0,0.0,0.0,0.0,1.0,0.0,0.0,0.0,0.0,0.0,0.0,1.0,0.0,0.0,3.0,1.2
-0.4863912137411916,-0.06847367729565433,1.0268709445108775,0.9602409845766148,0.484456096411591,0.0,-0.21325371773187773,0.0,0.0,0.0,0.0,0.0,1.0,0.0,0.0,0.0,0.0,0.0,1.0,0.0,0.0,0.0,1.0,0.0,0.0,0.0,0.0,0.0,0.0,0.0,0.0,1.0,0.0,0.0,1.0,0.0,3.0,3.46
0.7254448029765217,-0.3103701159298104,0.8063760091750841,-0.5166635888895428,-0.755751510402082,0.0,-1.4175100061001285,0.0,0.0,0.0,1.0,0.0,0.0,0.0,0.0,0.0,0.0,0.0,0.0,0.0,1.0,1.0,0.0,0.0,0.0,1.0,0.0,0.0,0.0,0.0,0.0,0.0,0.0,0.0,0.0,1.0,3.0,6.53
-0.18343220956176326,-0.0838465350780119,1.1003692562894751,0.43456308554628736,-0.755751510402082,0.0,1.39242133342579,0.0,0.0,0.0,0.0,1.0,0.0,0.0,0.0,0.0,0.0,0.0,0.0,0.0,1.0,1.0,0.0,0.0,0.0,0.0,0.0,0.0,0.0,0.0,1.0,0.0,0.0,0.0,0.0,1.0,4.0,4.92
0.4224857987970934,-0.5244032498334433,-0.6947713283635486,-1.0924060497322818,-0.755751510402082,0.0,1.1515700757521399,1.0,0.0,0.0,0.0,0.0,0.0,0.0,0.0,0.0,0.0,0.0,0.0,0.0,1.0,1.0,0.0,0.0,0.0,0.0,0.0,1.0,0.0,0.0,0.0,0.0,0.0,0.0,1.0,0.0,2.0,5.91
-0.7893502179206199,0.2569844166003241,-1.632431608932932,-0.0504373570114549,-0.755751510402082,0.0,-0.7752399856370614,0.0,0.0,0.0,1.0,0.0,0.0,0.0,0.0,0.0,0.0,0.0,1.0,0.0,0.0,1.0,0.0,0.0,0.0,1.0,0.0,0.0,0.0,0.0,0.0,0.0,0.0,1.0,0.0,0.0,2.0,3.07
-0.7893502179206199,-0.2523827920890057,-0.5010030518563364,0.5847567709835241,0.484456096411591,0.0,-1.0963749958685949,0.0,0.0,0.0,0.0,0.0,0.0,0.0,0.0,0.0,1.0,0.0,0.0,0.0,1.0,0.0,1.0,0.0,0.0,0.0,1.0,0.0,0.0,0.0,0.0,0.0,0.0,0.0,1.0,0.0,2.0,1.92
-0.18343220956176326,-0.310991812384244,-0.48318527930394906,-0.7012766605728121,2.3447675066321003,0.0,1.3121375808679065,0.0,0.0,0.0,0.0,0.0,1.0,0.0,0.0,0.0,0.0,0.0,0.0,0.0,1.0,1.0,0.0,0.0,1.0,0.0,0.0,0.0,0.0,0.0,0.0,0.0,0.0,0.0,1.0,0.0,4.0,3.69
-0.18343220956176326,-0.01845537164349822,-0.4876397224420459,-0.3727279736788582,0.484456096411591,0.0,0.5093000552890727,0.0,0.0,0.0,0.0,0.0,0.0,1.0,0.0,0.0,0.0,0.0,0.0,0.0,1.0,1.0,0.0,0.0,1.0,0.0,0.0,0.0,0.0,0.0,0.0,0.0,0.0,0.0,0.0,1.0,2.0,4.01
1.6343218155148067,-1.3475576144332486,0.7974671228988904,-0.06608253257783368,-0.755751510402082,0.0,1.3121375808679065,0.0,0.0,0.0,0.0,0.0,1.0,0.0,0.0,0.0,0.0,0.0,1.0,0.0,0.0,0.0,1.0,0.0,0.0,0.0,0.0,0.0,0.0,0.0,1.0,0.0,0.0,0.0,0.0,1.0,3.0,9.06
-1.698227230458905,1.2065974918178686,-0.766042418573098,-0.40401832481161576,1.7246637032252639,0.0,-1.2569425009843618,0.0,0.0,0.0,0.0,0.0,0.0,0.0,0.0,0.0,1.0,0.0,1.0,0.0,0.0,0.0,1.0,0.0,0.0,0.0,1.0,0.0,0.0,0.0,0.0,0.0,0.0,0.0,1.0,0.0,2.0,1.2
1.3313628113353784,-0.7607326793074441,-0.011014306665684748,-0.3414376225461006,1.7246637032252639,0.0,0.9107188180784896,0.0,0.0,0.0,0.0,0.0,0.0,0.0,0.0,1.0,0.0,0.0,0.0,0.0,1.0,1.0,0.0,0.0,0.0,0.0,0.0,0.0,0.0,0.0,1.0,0.0,0.0,0.0,0.0,1.0,1.0,7.97
0.4224857987970934,-0.2851348916657565,0.6192893973750172,0.6410794030224871,-0.755751510402082,0.0,1.3121375808679065,0.0,0.0,0.0,1.0,0.0,0.0,0.0,0.0,0.0,0.0,1.0,0.0,0.0,0.0,0.0,1.0,0.0,1.0,0.0,0.0,0.0,0.0,0.0,0.0,0.0,0.0,0.0,0.0,1.0,2.0,5.95
-0.18343220956176326,0.5504816609524672,-1.5522516324471891,-0.5573410453621271,0.484456096411591,0.0,0.18816504505753917,0.0,0.0,0.0,0.0,0.0,0.0,0.0,1.0,0.0,0.0,0.0,0.0,0.0,1.0,0.0,1.0,0.0,0.0,0.0,0.0,1.0,0.0,0.0,0.0,0.0,0.0,0.0,0.0,1.0,3.0,2.65
1.3313628113353784,-0.7069559359989397,0.6126077326678719,0.5910148412100752,0.484456096411591,0.0,0.027597539941772414,1.0,0.0,0.0,0.0,0.0,0.0,0.0,0.0,0.0,0.0,0.0,1.0,0.0,0.0,1.0,0.0,0.0,1.0,0.0,0.0,0.0,0.0,0.0,0.0,0.0,0.0,0.0,0.0,1.0,2.0,6.74
-0.4863912137411916,0.6634891210106436,0.5769721875630972,-0.5448249049090248,0.484456096411591,0.0,0.10788129249965579,1.0,0.0,0.0,0.0,0.0,0.0,0.0,0.0,0.0,0.0,0.0,0.0,0.0,1.0,1.0,0.0,0.0,1.0,0.0,0.0,0.0,0.0,0.0,0.0,0.0,0.0,0.0,1.0,0.0,2.0,4.02
-1.0923092221000483,0.7101446140229091,-1.4163911167352357,-0.7075347307993638,-0.755751510402082,0.0,1.5529888385415567,0.0,0.0,0.0,0.0,0.0,0.0,0.0,0.0,0.0,1.0,0.0,0.0,0.0,1.0,1.0,0.0,0.0,0.0,0.0,0.0,0.0,1.0,0.0,0.0,0.0,0.0,0.0,1.0,0.0,2.0,2.11
0.7254448029765217,-0.8187482620779959,0.31193282084633567,1.2637573905643629,1.7246637032252639,0.0,0.5895838078469561,0.0,0.0,0.0,0.0,0.0,0.0,0.0,0.0,1.0,0.0,0.0,1.0,0.0,0.0,0.0,1.0,1.0,0.0,0.0,0.0,0.0,0.0,0.0,0.0,0.0,0.0,0.0,1.0,0.0,2.0,8.19
1.3313628113353784,-1.736513523470693,-0.7304068734683233,0.1623370306912969,-0.755751510402082,0.0,1.0712863231942564,0.0,0.0,0.0,0.0,0.0,0.0,1.0,0.0,0.0,0.0,1.0,0.0,0.0,0.0,0.0,1.0,0.0,0.0,0.0,0.0,0.0,0.0,1.0,0.0,0.0,0.0,0.0,0.0,1.0,4.0,9.16
1.02840380715595,-0.13954488560931116,-0.18028314591336442,-1.586793597629851,0.484456096411591,0.0,-1.5780775112158953,0.0,0.0,0.0,0.0,0.0,0.0,1.0,0.0,0.0,0.0,0.0,1.0,0.0,0.0,1.0,0.0,0.0,0.0,0.0,0.0,1.0,0.0,0.0,0.0,0.0,0.0,0.0,0.0,1.0,3.0,7.35
-1.0923092221000483,0.8424529230982734,-0.6569085616897256,0.8726280014048933,-0.755751510402082,0.0,1.3121375808679065,0.0,0.0,1.0,0.0,0.0,0.0,0.0,0.0,0.0,0.0,0.0,0.0,0.0,1.0,0.0,1.0,1.0,0.0,0.0,0.0,0.0,0.0,0.0,0.0,0.0,0.0,0.0,0.0,1.0,0.0,2.73
1.02840380715595,-1.122786087225763,0.38320391105588497,-0.669986309440055,1.7246637032252639,0.0,0.027597539941772414,0.0,0.0,0.0,0.0,0.0,0.0,0.0,1.0,0.0,0.0,0.0,1.0,0.0,0.0,0.0,1.0,0.0,1.0,0.0,0.0,0.0,0.0,0.0,0.0,0.0,0.0,1.0,0.0,0.0,2.0,6.85
1.6343218155148067,2.8843831363893973,2.7796943193519814,-2.0373746539415603,0.484456096411591,0.0,1.39242133342579,0.0,0.0,0.0,0.0,0.0,0.0,0.0,0.0,0.0,1.0,0.0,0.0,0.0,1.0,1.0,0.0,0.0,0.0,0.0,0.0,0.0,0.0,0.0,1.0,0.0,0.0,1.0,0.0,0.0,4.0,15.0
0.11952679461766508,-0.5495536973082563,0.757377134656019,0.40953080464008096,-0.755751510402082,0.0,-1.0160912433107117,0.0,0.0,0.0,0.0,0.0,0.0,0.0,0.0,0.0,1.0,0.0,0.0,0.0,1.0,0.0,1.0,1.0,0.0,0.0,0.0,0.0,0.0,0.0,0.0,0.0,0.0,1.0,0.0,0.0,2.0,4.94
1.02840380715595,-0.22336087123885637,1.0224165013727806,0.16859510091784805,0.484456096411591,0.0,0.991002570636373,0.0,0.0,0.0,0.0,0.0,1.0,0.0,0.0,0.0,0.0,0.0,1.0,0.0,0.0,1.0,0.0,0.0,0.0,1.0,0.0,0.0,0.0,0.0,0.0,0.0,0.0,0.0,0.0,1.0,0.0,5.87
-1.698227230458905,0.6813487646107356,0.14711842473675282,0.3375629970347391,-0.755751510402082,0.0,-0.4541049754055279,0.0,0.0,1.0,0.0,0.0,0.0,0.0,0.0,0.0,0.0,0.0,1.0,0.0,0.0,1.0,0.0,0.0,0.0,0.0,1.0,0.0,0.0,0.0,0.0,0.0,0.0,0.0,1.0,0.0,2.0,1.2
-1.0923092221000483,0.6207333603034616,-0.5165936028396754,-0.7857606086312576,-0.755751510402082,0.0,-0.21325371773187773,0.0,0.0,0.0,0.0,0.0,0.0,1.0,0.0,0.0,0.0,1.0,0.0,0.0,0.0,0.0,1.0,1.0,0.0,0.0,0.0,0.0,0.0,0.0,0.0,0.0,0.0,0.0,0.0,1.0,3.0,1.81
0.7254448029765217,-0.769860313615719,-0.5566835910825468,-0.14117937529645203,-0.755751510402082,0.0,0.7501513129627229,0.0,0.0,0.0,0.0,0.0,0.0,0.0,1.0,0.0,0.0,1.0,0.0,0.0,0.0,0.0,1.0,0.0,0.0,0.0,1.0,0.0,0.0,0.0,0.0,0.0,0.0,0.0,1.0,0.0,1.0,6.78
-0.18343220956176326,-0.25862801556308845,0.10702843649388133,0.6754987892685202,-0.755751510402082,0.0,0.6698675604048395,0.0,0.0,0.0,0.0,0.0,0.0,0.0,0.0,1.0,0.0,0.0,0.0,0.0,1.0,0.0,1.0,1.0,0.0,0.0,0.0,0.0,0.0,0.0,0.0,0.0,0.0,0.0,1.0,0.0,3.0,6.51
0.11952679461766508,-0.2824502933397933,0.8308754464346167,0.7161762457411054,0.484456096411591,0.0,-0.13296996517399434,0.0,0.0,0.0,0.0,0.0,0.0,0.0,1.0,0.0,0.0,0.0,0.0,0.0,1.0,0.0,1.0,0.0,0.0,0.0,0.0,0.0,1.0,0.0,0.0,0.0,0.0,0.0,1.0,0.0,2.0,4.45
-1.0923092221000483,1.0322681542087437,1.024643722941829,-0.7356960468188457,0.484456096411591,0.0,-0.6949562330791781,0.0,0.0,0.0,0.0,0.0,0.0,0.0,1.0,0.0,0.0,0.0,1.0,0.0,0.0,0.0,1.0,1.0,0.0,0.0,0.0,0.0,0.0,0.0,0.0,0.0,0.0,0.0,0.0,1.0,3.0,1.34
-0.4863912137411916,0.6169749226471132,0.28520616201775467,-0.2538246393743791,-0.755751510402082,0.0,-1.4175100061001285,0.0,0.0,0.0,0.0,0.0,0.0,1.0,0.0,0.0,0.0,0.0,1.0,0.0,0.0,0.0,1.0,0.0,0.0,0.0,0.0,1.0,0.0,0.0,0.0,0.0,0.0,0.0,0.0,1.0,2.0,3.9
-1.0923092221000483,0.7250935878590619,-1.0823078813779732,-0.45721192173730324,1.7246637032252639,0.0,1.6332725910994401,0.0,0.0,0.0,0.0,0.0,0.0,0.0,1.0,0.0,0.0,0.0,0.0,0.0,1.0,0.0,1.0,0.0,0.0,0.0,0.0,0.0,0.0,1.0,0.0,0.0,0.0,0.0,0.0,1.0,2.0,1.25
1.02840380715595,-0.6675629879316484,0.020166795300993086,0.2687242245426719,0.484456096411591,0.0,-1.0160912433107117,0.0,0.0,0.0,0.0,0.0,0.0,0.0,0.0,0.0,1.0,0.0,0.0,0.0,1.0,0.0,1.0,0.0,0.0,0.0,0.0,0.0,1.0,0.0,0.0,0.0,0.0,0.0,1.0,0.0,3.0,9.05
0.11952679461766508,-0.004580237137730624,-0.16691981649907392,0.43143405043301175,-0.755751510402082,0.0,-1.0963749958685949,0.0,0.0,1.0,0.0,0.0,0.0,0.0,0.0,0.0,0.0,0.0,1.0,0.0,0.0,1.0,0.0,1.0,0.0,0.0,0.0,0.0,0.0,0.0,0.0,0.0,0.0,0.0,0.0,1.0,2.0,5.39
1.3313628113353784,0.4171560304062116,-1.632431608932932,-1.3927934206067547,-0.755751510402082,0.0,-1.0963749958685949,0.0,0.0,1.0,0.0,0.0,0.0,0.0,0.0,0.0,0.0,0.0,1.0,0.0,0.0,1.0,0.0,0.0,0.0,0.0,0.0,0.0,1.0,0.0,0.0,0.0,0.0,0.0,0.0,1.0,2.0,8.26
1.3313628113353784,0.08149646287157304,1.0936875915823299,0.7255633510809331,-0.755751510402082,0.0,0.991002570636373,0.0,0.0,0.0,1.0,0.0,0.0,0.0,0.0,0.0,0.0,0.0,0.0,0.0,1.0,1.0,0.0,0.0,0.0,0.0,0.0,0.0,0.0,0.0,0.0,1.0,0.0,0.0,1.0,0.0,2.0,6.4
-1.698227230458905,1.2793359769865973,-0.7326340950373718,0.6410794030224871,0.484456096411591,0.0,-0.6146724805212946,0.0,0.0,1.0,0.0,0.0,0.0,0.0,0.0,0.0,0.0,0.0,0.0,0.0,1.0,1.0,0.0,0.0,0.0,0.0,0.0,0.0,0.0,0.0,0.0,1.0,0.0,0.0,1.0,0.0,1.0,1.2
-0.4863912137411916,0.4115042444568154,-1.4408905539947683,-0.13179226995662438,-0.755751510402082,0.0,-0.13296996517399434,1.0,0.0,0.0,0.0,0.0,0.0,0.0,0.0,0.0,0.0,0.0,0.0,0.0,1.0,0.0,1.0,0.0,0.0,0.0,0.0,1.0,0.0,0.0,0.0,0.0,0.0,1.0,0.0,0.0,1.0,3.79
0.7254448029765217,-0.0055127818193809915,1.0870059268751846,1.4546285324741839,-0.755751510402082,0.0,0.991002570636373,0.0,0.0,1.0,0.0,0.0,0.0,0.0,0.0,0.0,0.0,0.0,0.0,0.0,1.0,0.0,1.0,0.0,0.0,0.0,0.0,0.0,0.0,1.0,0.0,0.0,0.0,0.0,0.0,1.0,4.0,8.77
-1.3952682262794767,1.046567172660716,0.7796493503465032,0.5409502793976633,-0.755751510402082,0.0,-0.4541049754055279,0.0,0.0,0.0,0.0,0.0,1.0,0.0,0.0,0.0,0.0,0.0,0.0,0.0,1.0,0.0,1.0,0.0,0.0,0.0,0.0,0.0,0.0,0.0,1.0,0.0,0.0,0.0,1.0,0.0,2.0,1.2
-1.0923092221000483,1.2594699493744699,0.36538613850349766,1.0666281784279898,-0.755751510402082,0.0,-0.13296996517399434,1.0,0.0,0.0,0.0,0.0,0.0,0.0,0.0,0.0,0.0,0.0,0.0,0.0,1.0,0.0,1.0,0.0,0.0,1.0,0.0,0.0,0.0,0.0,0.0,0.0,0.0,0.0,0.0,1.0,2.0,1.2
-1.0923092221000483,0.3221777675266089,-0.40968696752535133,-1.129954471091591,-0.755751510402082,0.0,0.6698675604048395,0.0,0.0,0.0,0.0,0.0,0.0,1.0,0.0,0.0,0.0,0.0,0.0,1.0,0.0,0.0,1.0,0.0,0.0,0.0,0.0,0.0,0.0,1.0,0.0,0.0,0.0,0.0,1.0,0.0,2.0,3.4
-1.0923092221000483,2.308074055495688,-1.4631627696852523,-2.0217294783751814,0.484456096411591,0.0,-1.0963749958685949,0.0,0.0,0.0,0.0,1.0,0.0,0.0,0.0,0.0,0.0,0.0,1.0,0.0,0.0,0.0,1.0,1.0,0.0,0.0,0.0,0.0,0.0,0.0,0.0,0.0,0.0,0.0,0.0,1.0,3.0,1.2
1.3313628113353784,-1.2034653316533932,-1.632431608932932,0.40014369930025423,-0.755751510402082,0.0,0.5895838078469561,0.0,0.0,1.0,0.0,0.0,0.0,0.0,0.0,0.0,0.0,0.0,0.0,0.0,1.0,0.0,1.0,0.0,0.0,0.0,0.0,0.0,1.0,0.0,0.0,0.0,0.0,0.0,1.0,0.0,1.0,9.33
0.7254448029765217,-1.387911366111937,-1.5700694049995765,-0.3727279736788582,-0.755751510402082,0.0,-0.2935374702897611,0.0,1.0,0.0,0.0,0.0,0.0,0.0,0.0,0.0,0.0,0.0,0.0,0.0,1.0,0.0,1.0,0.0,0.0,0.0,0.0,0.0,1.0,0.0,0.0,0.0,0.0,0.0,0.0,1.0,2.0,6.39
1.3313628113353784,-0.787663439356317,2.227343370227974,1.5704028316653873,-0.755751510402082,0.0,-0.7752399856370614,0.0,0.0,0.0,0.0,0.0,0.0,0.0,0.0,1.0,0.0,0.0,1.0,0.0,0.0,0.0,1.0,0.0,0.0,0.0,1.0,0.0,0.0,0.0,0.0,0.0,0.0,0.0,0.0,1.0,2.0,9.13
1.3313628113353784,-0.8760291126751261,-0.8105868499540663,-1.305180437435033,1.7246637032252639,0.0,-1.5780775112158953,0.0,0.0,0.0,1.0,0.0,0.0,0.0,0.0,0.0,0.0,0.0,0.0,0.0,1.0,1.0,0.0,0.0,0.0,0.0,0.0,0.0,0.0,1.0,0.0,0.0,0.0,0.0,0.0,1.0,3.0,7.43
1.3313628113353784,-1.254077074830236,-0.0310593007871205,0.8288215098190325,-0.755751510402082,0.0,1.231853828310023,0.0,0.0,0.0,0.0,0.0,0.0,0.0,0.0,0.0,1.0,0.0,0.0,0.0,1.0,1.0,0.0,0.0,0.0,0.0,1.0,0.0,0.0,0.0,0.0,0.0,0.0,1.0,0.0,0.0,4.0,8.95
0.4224857987970934,-1.0486063966399382,0.8175121170203262,1.3106929172634991,-0.755751510402082,0.0,0.6698675604048395,0.0,1.0,0.0,0.0,0.0,0.0,0.0,0.0,0.0,0.0,0.0,0.0,0.0,1.0,1.0,0.0,1.0,0.0,0.0,0.0,0.0,0.0,0.0,0.0,0.0,0.0,0.0,1.0,0.0,3.0,7.4
-0.4863912137411916,0.4805690687584366,0.04689345412957408,0.8757570365181688,-0.755751510402082,0.0,-1.6583612637737786,0.0,0.0,0.0,0.0,0.0,0.0,0.0,0.0,1.0,0.0,0.0,1.0,0.0,0.0,1.0,0.0,0.0,0.0,0.0,0.0,0.0,0.0,0.0,0.0,0.0,1.0,0.0,0.0,1.0,2.0,1.72
-0.4863912137411916,-0.0921264014938773,0.45447500126543433,0.6661116839286935,-0.755751510402082,0.0,-1.6583612637737786,0.0,0.0,0.0,0.0,0.0,0.0,0.0,0.0,0.0,1.0,0.0,0.0,0.0,1.0,1.0,0.0,0.0,0.0,0.0,0.0,0.0,1.0,0.0,0.0,0.0,0.0,0.0,0.0,1.0,4.0,5.46
0.11952679461766508,0.19927968205698923,-0.803905185246921,-1.0329543825800427,1.7246637032252639,0.0,-0.5343887279634113,1.0,0.0,0.0,0.0,0.0,0.0,0.0,0.0,0.0,0.0,0.0,1.0,0.0,0.0,1.0,0.0,0.0,0.0,0.0,0.0,0.0,0.0,0.0,0.0,0.0,1.0,0.0,0.0,1.0,2.0,4.35
-0.4863912137411916,0.05309623847585729,0.12261898747722025,0.10288536353905735,-0.755751510402082,0.0,0.6698675604048395,0.0,0.0,0.0,0.0,0.0,0.0,1.0,0.0,0.0,0.0,0.0,0.0,0.0,1.0,0.0,1.0,0.0,0.0,0.0,0.0,0.0,0.0,0.0,0.0,0.0,1.0,0.0,1.0,0.0,1.0,2.03
-0.4863912137411916,0.8664164955237131,-1.632431608932932,-0.7732444681781545,0.484456096411591,0.0,1.0712863231942564,0.0,0.0,0.0,0.0,0.0,0.0,0.0,0.0,0.0,1.0,0.0,0.0,0.0,1.0,0.0,1.0,0.0,0.0,0.0,0.0,0.0,0.0,0.0,0.0,0.0,1.0,0.0,1.0,0.0,3.0,2.82
0.11952679461766508,-0.10732970569775299,0.3787494679177882,-1.08614797950573,0.484456096411591,0.0,0.5895838078469561,0.0,0.0,0.0,0.0,0.0,0.0,0.0,0.0,1.0,0.0,0.0,0.0,0.0,1.0,0.0,1.0,1.0,0.0,0.0,0.0,0.0,0.0,0.0,0.0,0.0,0.0,0.0,0.0,1.0,2.0,5.07
0.4224857987970934,-0.697573971322942,-1.4408905539947683,-0.635566923194021,1.7246637032252639,0.0,-0.9358074907528282,0.0,0.0,0.0,0.0,0.0,0.0,0.0,0.0,0.0,1.0,0.0,1.0,0.0,0.0,0.0,1.0,0.0,1.0,0.0,0.0,0.0,0.0,0.0,0.0,0.0,0.0,0.0,0.0,1.0,2.0,5.66
0.7254448029765217,-1.1154952833510419,-0.48095805773490063,0.42517598020645975,2.3447675066321003,0.0,-1.738645016331662,0.0,0.0,0.0,0.0,1.0,0.0,0.0,0.0,0.0,0.0,0.0,1.0,0.0,0.0,0.0,1.0,0.0,0.0,0.0,0.0,0.0,0.0,0.0,1.0,0.0,0.0,0.0,1.0,0.0,3.0,5.7
-1.3952682262794767,2.8843831363893973,2.7796943193519814,-2.4441492186674085,0.484456096411591,0.0,1.5529888385415567,1.0,0.0,0.0,0.0,0.0,0.0,0.0,0.0,0.0,0.0,0.0,0.0,0.0,1.0,0.0,1.0,0.0,0.0,0.0,0.0,0.0,0.0,0.0,0.0,1.0,0.0,0.0,0.0,1.0,2.0,12.5
0.4224857987970934,-0.6141536107098545,0.2785244973106094,-0.2851149905071366,1.7246637032252639,0.0,0.42901630273118935,0.0,0.0,0.0,0.0,0.0,0.0,0.0,1.0,0.0,0.0,1.0,0.0,0.0,0.0,0.0,1.0,0.0,0.0,0.0,0.0,0.0,0.0,1.0,0.0,0.0,0.0,1.0,0.0,0.0,4.0,6.92
1.3313628113353784,-0.7703407154214177,0.6927877091536149,0.024659485707163434,-0.755751510402082,0.0,-1.5780775112158953,0.0,0.0,0.0,0.0,0.0,1.0,0.0,0.0,0.0,0.0,0.0,0.0,0.0,1.0,0.0,1.0,0.0,0.0,0.0,0.0,0.0,0.0,1.0,0.0,0.0,0.0,0.0,1.0,0.0,2.0,7.95
0.11952679461766508,0.6160423779654628,-1.4119366735971388,-1.2864062267553786,0.484456096411591,0.0,0.26844879761542256,0.0,1.0,0.0,0.0,0.0,0.0,0.0,0.0,0.0,0.0,0.0,1.0,0.0,0.0,1.0,0.0,0.0,0.0,0.0,0.0,1.0,0.0,0.0,0.0,0.0,0.0,0.0,0.0,1.0,4.0,4.32
1.02840380715595,-0.9618232233869599,1.3386819641776557,1.629854498817626,0.484456096411591,0.0,-0.4541049754055279,0.0,0.0,0.0,0.0,0.0,1.0,0.0,0.0,0.0,0.0,0.0,0.0,0.0,1.0,0.0,1.0,0.0,0.0,0.0,0.0,0.0,0.0,0.0,1.0,0.0,0.0,0.0,1.0,0.0,2.0,7.12
-0.4863912137411916,0.013448960040843158,-0.178055924344316,1.3232090577166025,-0.755751510402082,0.0,-0.5343887279634113,0.0,0.0,0.0,0.0,0.0,0.0,0.0,0.0,1.0,0.0,0.0,1.0,0.0,0.0,0.0,1.0,0.0,0.0,0.0,0.0,0.0,0.0,0.0,1.0,0.0,0.0,0.0,0.0,1.0,0.0,2.96
-0.18343220956176326,-0.018003228767546526,-1.0912167676541669,-2.218858690511554,0.484456096411591,0.0,0.26844879761542256,0.0,0.0,0.0,0.0,0.0,0.0,0.0,0.0,1.0,0.0,0.0,0.0,1.0,0.0,1.0,0.0,0.0,0.0,0.0,0.0,0.0,1.0,0.0,0.0,0.0,0.0,1.0,0.0,0.0,3.0,4.86
-1.698227230458905,1.6907012173133975,2.124891178051747,2.164919503187781,-0.755751510402082,0.0,0.42901630273118935,0.0,0.0,0.0,0.0,0.0,0.0,0.0,0.0,0.0,1.0,0.0,1.0,0.0,0.0,0.0,1.0,0.0,0.0,0.0,0.0,0.0,1.0,0.0,0.0,0.0,0.0,0.0,0.0,1.0,2.0,1.2
0.11952679461766508,-0.9763200543471611,1.265183652399058,1.489047918720217,2.3447675066321003,0.0,-1.6583612637737786,0.0,0.0,0.0,0.0,0.0,0.0,1.0,0.0,0.0,0.0,0.0,1.0,0.0,0.0,0.0,1.0,0.0,0.0,0.0,0.0,0.0,0.0,0.0,0.0,1.0,0.0,0.0,0.0,1.0,0.0,4.21
1.02840380715595,-0.3444786441344163,-0.30723477534912413,-0.17872779665576075,1.7246637032252639,0.0,-1.4175100061001285,0.0,0.0,0.0,0.0,0.0,0.0,0.0,0.0,0.0,1.0,0.0,1.0,0.0,0.0,0.0,1.0,0.0,0.0,0.0,0.0,0.0,0.0,0.0,1.0,0.0,0.0,0.0,1.0,0.0,3.0,6.55
-0.7893502179206199,-0.23641649678196153,-1.0132640127374721,0.6754987892685202,2.3447675066321003,0.0,-1.6583612637737786,0.0,0.0,0.0,0.0,0.0,0.0,0.0,0.0,1.0,0.0,0.0,1.0,0.0,0.0,0.0,1.0,0.0,0.0,0.0,0.0,0.0,1.0,0.0,0.0,0.0,0.0,1.0,0.0,0.0,2.0,2.28
0.4224857987970934,-0.5004114184782567,-1.028854563720811,-1.2895352618686542,-0.755751510402082,0.0,0.26844879761542256,0.0,0.0,0.0,0.0,0.0,0.0,0.0,1.0,0.0,0.0,0.0,0.0,0.0,1.0,1.0,0.0,0.0,0.0,0.0,0.0,1.0,0.0,0.0,0.0,0.0,0.0,0.0,0.0,1.0,3.0,4.78
-0.4863912137411916,1.1195034703376736,-1.1290795343279898,-0.4478248163974756,0.484456096411591,0.0,1.6332725910994401,0.0,0.0,0.0,0.0,0.0,0.0,1.0,0.0,0.0,0.0,0.0,0.0,0.0,1.0,1.0,0.0,0.0,0.0,0.0,0.0,0.0,1.0,0.0,0.0,0.0,0.0,1.0,0.0,0.0,1.0,2.66
-1.0923092221000483,0.5693586260234504,0.5012466542154511,1.7894352895946903,0.484456096411591,0.0,-1.2569425009843618,0.0,1.0,0.0,0.0,0.0,0.0,0.0,0.0,0.0,0.0,0.0,0.0,0.0,1.0,0.0,1.0,0.0,0.0,0.0,0.0,0.0,0.0,1.0,0.0,0.0,0.0,0.0,1.0,0.0,4.0,2.62
0.4224857987970934,-0.7440599107567255,0.0223940168700415,-0.4791151675302332,-0.755751510402082,0.0,-1.738645016331662,0.0,0.0,1.0,0.0,0.0,0.0,0.0,0.0,0.0,0.0,0.0,1.0,0.0,0.0,1.0,0.0,0.0,0.0,0.0,0.0,1.0,0.0,0.0,0.0,0.0,0.0,0.0,0.0,1.0,2.0,4.93
0.7254448029765217,-0.4581078006470263,-0.33173421260865676,0.12165957421871171,-0.755751510402082,0.0,1.5529888385415567,0.0,0.0,0.0,0.0,0.0,1.0,0.0,0.0,0.0,0.0,0.0,1.0,0.0,0.0,1.0,0.0,0.0,0.0,1.0,0.0,0.0,0.0,0.0,0.0,0.0,0.0,0.0,0.0,1.0,3.0,6.12
-1.3952682262794767,1.4569998683058658,1.4344524916467376,0.5378212442843877,-0.755751510402082,0.0,-0.4541049754055279,0.0,0.0,0.0,0.0,1.0,0.0,0.0,0.0,0.0,0.0,0.0,0.0,0.0,1.0,1.0,0.0,0.0,0.0,0.0,0.0,0.0,1.0,0.0,0.0,0.0,0.0,0.0,0.0,1.0,2.0,1.62
-0.4863912137411916,0.1953516908221589,-1.632431608932932,-2.697209933453586,0.484456096411591,0.0,0.9107188180784896,0.0,0.0,0.0,0.0,1.0,0.0,0.0,0.0,0.0,0.0,0.0,0.0,0.0,1.0,1.0,0.0,1.0,0.0,0.0,0.0,0.0,0.0,0.0,0.0,0.0,0.0,0.0,0.0,1.0,4.0,2.68
1.3313628113353784,-0.08130323140078363,-0.6457724538444835,-0.1975020073354151,-0.755751510402082,0.0,-1.0160912433107117,0.0,0.0,0.0,1.0,0.0,0.0,0.0,0.0,0.0,0.0,0.0,1.0,0.0,0.0,0.0,1.0,0.0,0.0,0.0,0.0,0.0,0.0,0.0,0.0,0.0,1.0,1.0,0.0,0.0,1.0,7.63
1.02840380715595,0.2841695070169197,-0.7014529930706939,0.4126598397533574,-0.755751510402082,0.0,1.1515700757521399,1.0,0.0,0.0,0.0,0.0,0.0,0.0,0.0,0.0,0.0,0.0,1.0,0.0,0.0,1.0,0.0,0.0,0.0,0.0,0.0,0.0,0.0,0.0,1.0,0.0,0.0,0.0,1.0,0.0,0.0,7.59
-0.7893502179206199,0.7645995716453411,1.254047544553816,0.9758861601429936,-0.755751510402082,0.0,1.5529888385415567,0.0,0.0,0.0,1.0,0.0,0.0,0.0,0.0,0.0,0.0,0.0,1.0,0.0,0.0,1.0,0.0,0.0,0.0,0.0,1.0,0.0,0.0,0.0,0.0,0.0,0.0,0.0,0.0,1.0,4.0,3.36
0.11952679461766508,0.2931275877467126,-1.4453449971328651,0.3970146641869786,-0.755751510402082,0.0,-1.2569425009843618,0.0,0.0,0.0,0.0,0.0,1.0,0.0,0.0,0.0,0.0,0.0,0.0,0.0,1.0,0.0,1.0,0.0,0.0,0.0,0.0,1.0,0.0,0.0,0.0,0.0,0.0,0.0,1.0,0.0,2.0,2.64
-1.698227230458905,1.3967518300853028,-0.16691981649907392,1.270015460790914,-0.755751510402082,0.0,-0.2935374702897611,0.0,0.0,0.0,0.0,0.0,0.0,1.0,0.0,0.0,0.0,0.0,0.0,0.0,1.0,1.0,0.0,0.0,0.0,0.0,1.0,0.0,0.0,0.0,0.0,0.0,0.0,0.0,0.0,1.0,4.0,1.2
-1.698227230458905,1.4101183038556246,-0.7526790891588074,-0.19124393710886395,-0.755751510402082,0.0,-0.05268621261611097,1.0,0.0,0.0,0.0,0.0,0.0,0.0,0.0,0.0,0.0,0.0,1.0,0.0,0.0,0.0,1.0,0.0,0.0,0.0,0.0,0.0,0.0,0.0,1.0,0.0,0.0,0.0,1.0,0.0,3.0,1.2
-1.698227230458905,2.274445929096781,2.5146549526352198,1.6986932713096932,-0.755751510402082,0.0,0.42901630273118935,0.0,0.0,0.0,0.0,0.0,0.0,0.0,0.0,0.0,1.0,0.0,0.0,0.0,1.0,0.0,1.0,0.0,0.0,0.0,0.0,0.0,0.0,1.0,0.0,0.0,0.0,0.0,1.0,0.0,3.0,1.2
-1.3952682262794767,1.9671865859578581,-1.0355362284279563,-0.7325670117055697,1.7246637032252639,0.0,-0.21325371773187773,0.0,0.0,0.0,0.0,0.0,0.0,0.0,0.0,1.0,0.0,0.0,0.0,0.0,1.0,1.0,0.0,0.0,0.0,0.0,0.0,0.0,0.0,1.0,0.0,0.0,0.0,0.0,1.0,0.0,4.0,2.22
0.4224857987970934,-1.3314782834072165,-0.05555873804665308,0.40953080464008096,1.7246637032252639,0.0,-0.9358074907528282,0.0,0.0,0.0,0.0,0.0,0.0,1.0,0.0,0.0,0.0,0.0,0.0,0.0,1.0,0.0,1.0,0.0,0.0,0.0,0.0,0.0,0.0,0.0,0.0,0.0,1.0,0.0,0.0,1.0,4.0,7.39
1.6343218155148067,-1.9307654065514392,1.2585019876919128,1.219950898978502,-0.755751510402082,0.0,-1.1766587484264783,1.0,0.0,0.0,0.0,0.0,0.0,0.0,0.0,0.0,0.0,0.0,1.0,0.0,0.0,0.0,1.0,0.0,0.0,0.0,0.0,0.0,0.0,0.0,1.0,0.0,0.0,0.0,0.0,1.0,3.0,9.81
1.02840380715595,0.1742705292309112,-0.590091914618273,-0.39463121947178814,-0.755751510402082,0.0,1.39242133342579,0.0,0.0,1.0,0.0,0.0,0.0,0.0,0.0,0.0,0.0,0.0,0.0,0.0,1.0,1.0,0.0,0.0,0.0,0.0,1.0,0.0,0.0,0.0,0.0,0.0,0.0,0.0,1.0,0.0,0.0,6.49
-0.4863912137411916,0.07773802521522459,1.1649586817918791,-0.38837314924523697,0.484456096411591,0.0,-1.738645016331662,0.0,0.0,0.0,0.0,0.0,0.0,0.0,0.0,1.0,0.0,0.0,1.0,0.0,0.0,1.0,0.0,0.0,0.0,0.0,0.0,1.0,0.0,0.0,0.0,0.0,0.0,0.0,1.0,0.0,2.0,3.03
0.11952679461766508,-0.13844278734917892,0.30079671300109356,0.7130472106278298,-0.755751510402082,0.0,-1.497793758658012,0.0,0.0,0.0,0.0,1.0,0.0,0.0,0.0,0.0,0.0,0.0,0.0,0.0,1.0,1.0,0.0,0.0,0.0,0.0,0.0,0.0,0.0,0.0,1.0,0.0,0.0,0.0,1.0,0.0,3.0,3.24
-1.3952682262794767,1.145642980353631,1.5101780249943837,0.17485317114439922,-0.755751510402082,0.0,1.6332725910994401,0.0,0.0,0.0,0.0,0.0,0.0,1.0,0.0,0.0,0.0,0.0,1.0,0.0,0.0,0.0,1.0,0.0,0.0,0.0,0.0,0.0,1.0,0.0,0.0,0.0,0.0,0.0,1.0,0.0,3.0,1.73
-0.18343220956176326,0.025628558761791907,-0.6279546812920962,0.6473374732490391,-0.755751510402082,0.0,-0.7752399856370614,0.0,1.0,0.0,0.0,0.0,0.0,0.0,0.0,0.0,0.0,0.0,0.0,0.0,1.0,0.0,1.0,0.0,0.0,1.0,0.0,0.0,0.0,0.0,0.0,0.0,0.0,0.0,0.0,1.0,2.0,3.49
1.02840380715595,-1.025236261739185,-0.12237538511810558,0.9226925632173052,1.7246637032252639,0.0,-0.21325371773187773,0.0,0.0,0.0,1.0,0.0,0.0,0.0,0.0,0.0,0.0,0.0,0.0,0.0,1.0,0.0,1.0,0.0,0.0,0.0,1.0,0.0,0.0,0.0,0.0,0.0,0.0,0.0,0.0,1.0,1.0,6.26
0.7254448029765217,0.12289579495089999,-1.434208889287623,-1.8871809685043242,-0.755751510402082,0.0,0.5093000552890727,0.0,0.0,0.0,0.0,0.0,1.0,0.0,0.0,0.0,0.0,0.0,0.0,0.0,1.0,0.0,1.0,0.0,0.0,0.0,0.0,1.0,0.0,0.0,0.0,0.0,0.0,0.0,0.0,1.0,3.0,5.02
1.02840380715595,-0.9037228638271673,0.4344300071439986,-0.0066308654255941325,-0.755751510402082,0.0,0.10788129249965579,0.0,0.0,0.0,0.0,0.0,0.0,0.0,0.0,1.0,0.0,0.0,0.0,0.0,1.0,1.0,0.0,0.0,0.0,0.0,0.0,0.0,0.0,0.0,0.0,1.0,0.0,1.0,0.0,0.0,4.0,9.31
-0.4863912137411916,0.6191508602376307,-1.632431608932932,-1.7745357044263965,-0.755751510402082,0.0,-1.497793758658012,0.0,0.0,0.0,0.0,0.0,0.0,0.0,1.0,0.0,0.0,0.0,0.0,1.0,0.0,1.0,0.0,0.0,0.0,0.0,0.0,0.0,0.0,0.0,0.0,0.0,1.0,0.0,0.0,1.0,2.0,3.36
1.3313628113353784,-2.052278804463457,-0.5188208244087237,0.9352087036704084,0.484456096411591,0.0,-0.9358074907528282,0.0,0.0,0.0,0.0,0.0,0.0,0.0,0.0,0.0,1.0,0.0,0.0,0.0,1.0,0.0,1.0,1.0,0.0,0.0,0.0,0.0,0.0,0.0,0.0,0.0,0.0,1.0,0.0,0.0,4.0,8.8
1.3313628113353784,-1.1011397470395756,0.07139289138910666,1.1824024776191933,2.3447675066321003,0.0,1.5529888385415567,0.0,0.0,0.0,0.0,0.0,0.0,0.0,0.0,1.0,0.0,0.0,0.0,0.0,1.0,0.0,1.0,0.0,0.0,0.0,0.0,0.0,1.0,0.0,0.0,0.0,0.0,0.0,0.0,1.0,2.0,9.07
1.6343218155148067,-1.7118999956610725,-0.37182420085152823,0.00901431014078465,-0.755751510402082,0.0,-0.8555237381949448,0.0,0.0,0.0,1.0,0.0,0.0,0.0,0.0,0.0,0.0,0.0,1.0,0.0,0.0,0.0,1.0,0.0,0.0,0.0,0.0,1.0,0.0,0.0,0.0,0.0,0.0,0.0,1.0,0.0,2.0,9.07
-0.7893502179206199,0.302933436368915,-1.0978984323613121,-0.9171800833888395,1.7246637032252639,0.0,-1.497793758658012,0.0,0.0,0.0,0.0,0.0,0.0,1.0,0.0,0.0,0.0,0.0,0.0,0.0,1.0,0.0,1.0,0.0,0.0,0.0,0.0,0.0,0.0,0.0,1.0,0.0,0.0,0.0,0.0,1.0,0.0,1.2
-0.4863912137411916,0.8218239043829774,0.6994693738607601,0.2906274703356027,-0.755751510402082,0.0,0.34873255017330596,0.0,0.0,0.0,0.0,1.0,0.0,0.0,0.0,0.0,0.0,0.0,0.0,0.0,1.0,0.0,1.0,0.0,0.0,0.0,0.0,0.0,0.0,0.0,0.0,0.0,1.0,0.0,1.0,0.0,2.0,2.96
0.7254448029765217,-0.2506024795149459,0.6437888346345497,-0.7920186788578093,-0.755751510402082,0.0,-0.8555237381949448,0.0,0.0,0.0,0.0,1.0,0.0,0.0,0.0,0.0,0.0,0.0,1.0,0.0,0.0,0.0,1.0,0.0,0.0,1.0,0.0,0.0,0.0,0.0,0.0,0.0,0.0,0.0,0.0,1.0,4.0,6.0
1.6343218155148067,-1.3354627925015408,-0.07783095373713725,0.6848858946083479,1.7246637032252639,0.0,1.0712863231942564,0.0,1.0,0.0,0.0,0.0,0.0,0.0,0.0,0.0,0.0,0.0,0.0,1.0,0.0,0.0,1.0,0.0,0.0,0.0,0.0,0.0,0.0,0.0,0.0,0.0,1.0,0.0,0.0,1.0,2.0,9.93
1.3313628113353784,-0.34332002801479006,1.2718653171062033,1.5328544103060777,0.484456096411591,0.0,-0.4541049754055279,0.0,0.0,1.0,0.0,0.0,0.0,0.0,0.0,0.0,0.0,0.0,0.0,0.0,1.0,0.0,1.0,0.0,0.0,1.0,0.0,0.0,0.0,0.0,0.0,0.0,0.0,0.0,0.0,1.0,1.0,7.44
1.6343218155148067,-0.6619112019822522,0.6304255052202592,-0.12866323484334882,-0.755751510402082,0.0,0.027597539941772414,0.0,0.0,0.0,0.0,1.0,0.0,0.0,0.0,0.0,0.0,0.0,0.0,0.0,1.0,1.0,0.0,0.0,0.0,0.0,0.0,0.0,0.0,0.0,1.0,0.0,0.0,0.0,0.0,1.0,3.0,7.84
-0.18343220956176326,-1.0421633606576264,0.6994693738607601,-0.635566923194021,-0.755751510402082,0.0,0.7501513129627229,0.0,0.0,1.0,0.0,0.0,0.0,0.0,0.0,0.0,0.0,0.0,1.0,0.0,0.0,0.0,1.0,0.0,0.0,0.0,0.0,1.0,0.0,0.0,0.0,0.0,0.0,0.0,1.0,0.0,0.0,4.6
-0.7893502179206199,0.06318467639552945,1.9021690211469051,1.1229508104669539,-0.755751510402082,0.0,0.991002570636373,0.0,0.0,0.0,0.0,0.0,0.0,0.0,1.0,0.0,0.0,0.0,1.0,0.0,0.0,0.0,1.0,0.0,0.0,0.0,0.0,0.0,0.0,1.0,0.0,0.0,0.0,0.0,0.0,1.0,3.0,2.87
-0.18343220956176326,-0.45036485389635356,-0.5165936028396754,0.27811132988249954,2.3447675066321003,0.0,0.18816504505753917,0.0,0.0,0.0,0.0,0.0,0.0,0.0,0.0,1.0,0.0,0.0,0.0,0.0,1.0,0.0,1.0,0.0,1.0,0.0,0.0,0.0,0.0,0.0,0.0,0.0,0.0,0.0,0.0,1.0,2.0,2.74
0.11952679461766508,-0.8765942912700657,0.7863310150536484,1.99595160707089,-0.755751510402082,0.0,-0.9358074907528282,0.0,1.0,0.0,0.0,0.0,0.0,0.0,0.0,0.0,0.0,0.0,0.0,0.0,1.0,0.0,1.0,0.0,1.0,0.0,0.0,0.0,0.0,0.0,0.0,0.0,0.0,0.0,0.0,1.0,4.0,5.84
-1.3952682262794767,1.6525234032252265,-1.2159411755208782,-0.1975020073354151,-0.755751510402082,0.0,-1.4175100061001285,0.0,0.0,0.0,1.0,0.0,0.0,0.0,0.0,0.0,0.0,0.0,1.0,0.0,0.0,1.0,0.0,0.0,0.0,0.0,0.0,0.0,0.0,0.0,0.0,1.0,0.0,0.0,0.0,1.0,3.0,1.2
1.3313628113353784,-1.224320421806665,1.2985919759347841,0.3500791374878423,0.484456096411591,0.0,0.10788129249965579,0.0,0.0,0.0,0.0,1.0,0.0,0.0,0.0,0.0,0.0,0.0,0.0,1.0,0.0,1.0,0.0,0.0,0.0,1.0,0.0,0.0,0.0,0.0,0.0,0.0,0.0,0.0,0.0,1.0,4.0,8.81
-1.0923092221000483,1.5399398271132547,-1.5121616442043175,-2.697209933453586,-0.755751510402082,0.0,-1.738645016331662,0.0,0.0,0.0,0.0,0.0,0.0,0.0,0.0,0.0,1.0,0.0,1.0,0.0,0.0,0.0,1.0,0.0,0.0,0.0,1.0,0.0,0.0,0.0,0.0,0.0,0.0,0.0,0.0,1.0,2.0,1.2
-0.7893502179206199,0.30519415074867345,0.00012180117955733528,-0.7669863979516033,1.7246637032252639,0.0,1.39242133342579,0.0,0.0,1.0,0.0,0.0,0.0,0.0,0.0,0.0,0.0,0.0,0.0,0.0,1.0,1.0,0.0,1.0,0.0,0.0,0.0,0.0,0.0,0.0,0.0,0.0,0.0,0.0,1.0,0.0,0.0,2.09
1.6343218155148067,-1.9307654065514392,-1.224850061797072,-1.605567808309506,-0.755751510402082,0.0,1.0712863231942564,0.0,0.0,0.0,0.0,0.0,0.0,0.0,0.0,0.0,1.0,0.0,0.0,0.0,1.0,1.0,0.0,0.0,0.0,0.0,0.0,0.0,0.0,0.0,0.0,0.0,1.0,1.0,0.0,0.0,2.0,9.18
-0.18343220956176326,0.060443560210072314,0.01571235216289625,-0.6105346422878155,-0.755751510402082,0.0,-0.6146724805212946,0.0,0.0,0.0,0.0,0.0,1.0,0.0,0.0,0.0,0.0,0.0,0.0,0.0,1.0,0.0,1.0,0.0,0.0,0.0,0.0,0.0,0.0,0.0,1.0,0.0,0.0,1.0,0.0,0.0,3.0,4.25
-1.3952682262794767,1.1181753006395656,-1.6190682795186415,-1.5054386846846817,-0.755751510402082,0.0,1.1515700757521399,0.0,0.0,0.0,0.0,0.0,1.0,0.0,0.0,0.0,0.0,0.0,0.0,0.0,1.0,0.0,1.0,0.0,0.0,0.0,0.0,0.0,1.0,0.0,0.0,0.0,0.0,0.0,1.0,0.0,1.0,1.2
1.3313628113353784,-0.5793386092615741,-0.17582870277526758,-1.2019222786969332,0.484456096411591,0.0,1.5529888385415567,0.0,0.0,0.0,0.0,0.0,1.0,0.0,0.0,0.0,0.0,0.0,1.0,0.0,0.0,0.0,1.0,0.0,0.0,0.0,0.0,0.0,0.0,0.0,1.0,0.0,0.0,1.0,0.0,0.0,0.0,5.71
-1.0923092221000483,1.0418196724632232,-0.37182420085152823,0.8914022120845476,-0.755751510402082,0.0,0.42901630273118935,0.0,0.0,0.0,0.0,1.0,0.0,0.0,0.0,0.0,0.0,0.0,0.0,0.0,1.0,1.0,0.0,1.0,0.0,0.0,0.0,0.0,0.0,0.0,0.0,0.0,0.0,0.0,1.0,0.0,3.0,2.29
1.02840380715595,-0.6132775838876982,-0.4609130636134649,0.015272380367335808,-0.755751510402082,0.0,0.10788129249965579,0.0,0.0,0.0,0.0,0.0,0.0,0.0,0.0,0.0,1.0,0.0,0.0,0.0,1.0,1.0,0.0,0.0,0.0,0.0,0.0,0.0,0.0,0.0,0.0,1.0,0.0,0.0,0.0,1.0,3.0,8.56
-0.7893502179206199,0.5240878205687871,-0.4898669440110943,-0.25695367448765466,-0.755751510402082,0.0,0.26844879761542256,1.0,0.0,0.0,0.0,0.0,0.0,0.0,0.0,0.0,0.0,0.0,0.0,0.0,1.0,0.0,1.0,0.0,0.0,0.0,0.0,0.0,0.0,0.0,1.0,0.0,0.0,1.0,0.0,0.0,2.0,2.26
-1.0923092221000483,1.1464907482460402,-0.6769535558111613,0.059078871953196575,-0.755751510402082,0.0,0.18816504505753917,0.0,0.0,0.0,0.0,0.0,1.0,0.0,0.0,0.0,0.0,0.0,0.0,0.0,1.0,0.0,1.0,0.0,0.0,0.0,1.0,0.0,0.0,0.0,0.0,0.0,0.0,0.0,0.0,1.0,2.0,1.22
0.11952679461766508,0.5410996962764696,-0.6168185734468541,-1.6118258785360575,0.484456096411591,0.0,0.7501513129627229,1.0,0.0,0.0,0.0,0.0,0.0,0.0,0.0,0.0,0.0,0.0,0.0,0.0,1.0,1.0,0.0,0.0,0.0,0.0,0.0,0.0,0.0,0.0,0.0,1.0,0.0,0.0,0.0,1.0,3.0,4.44
0.4224857987970934,0.5783449656829903,-0.22928202043242957,-2.228245795851381,0.484456096411591,0.0,0.26844879761542256,0.0,0.0,0.0,0.0,0.0,1.0,0.0,0.0,0.0,0.0,0.0,1.0,0.0,0.0,1.0,0.0,0.0,0.0,0.0,0.0,0.0,0.0,1.0,0.0,0.0,0.0,0.0,0.0,1.0,4.0,5.57
-0.4863912137411916,0.5200185346852219,-0.28496255965864,-0.019147005878697335,-0.755751510402082,0.0,1.4727050859836732,0.0,0.0,0.0,0.0,0.0,1.0,0.0,0.0,0.0,0.0,0.0,0.0,0.0,1.0,1.0,0.0,0.0,0.0,0.0,0.0,0.0,1.0,0.0,0.0,0.0,0.0,0.0,0.0,1.0,4.0,4.05
-0.4863912137411916,-0.22590417491608464,-0.3228253263324631,0.30314361078870594,-0.755751510402082,0.0,-0.4541049754055279,0.0,0.0,0.0,0.0,0.0,0.0,0.0,0.0,0.0,1.0,0.0,1.0,0.0,0.0,0.0,1.0,0.0,0.0,0.0,0.0,0.0,0.0,0.0,1.0,0.0,0.0,1.0,0.0,0.0,3.0,4.26
-0.4863912137411916,-0.01413175539221015,2.093710076085069,1.0071765112757511,0.484456096411591,0.0,-0.4541049754055279,0.0,1.0,0.0,0.0,0.0,0.0,0.0,0.0,0.0,0.0,0.0,1.0,0.0,0.0,0.0,1.0,1.0,0.0,0.0,0.0,0.0,0.0,0.0,0.0,0.0,0.0,0.0,0.0,1.0,1.0,3.4
-0.18343220956176326,0.5765081352494366,1.5034963602872387,1.417080111114875,-0.755751510402082,0.0,1.39242133342579,1.0,0.0,0.0,0.0,0.0,0.0,0.0,0.0,0.0,0.0,1.0,0.0,0.0,0.0,0.0,1.0,0.0,0.0,0.0,0.0,0.0,0.0,0.0,0.0,1.0,0.0,0.0,0.0,1.0,3.0,5.09
0.7254448029765217,0.5417779105903971,-0.9642651382184071,-0.3257924469797218,-0.755751510402082,0.0,-0.2935374702897611,0.0,0.0,0.0,0.0,0.0,1.0,0.0,0.0,0.0,0.0,0.0,0.0,0.0,1.0,0.0,1.0,0.0,0.0,0.0,1.0,0.0,0.0,0.0,0.0,0.0,0.0,0.0,0.0,1.0,2.0,6.08
1.3313628113353784,-1.755588301049905,0.09366510707959083,0.3782404535073234,-0.755751510402082,0.0,0.7501513129627229,0.0,0.0,0.0,0.0,1.0,0.0,0.0,0.0,0.0,0.0,0.0,0.0,0.0,1.0,0.0,1.0,0.0,0.0,0.0,0.0,0.0,1.0,0.0,0.0,0.0,0.0,0.0,0.0,1.0,3.0,7.77
1.3313628113353784,-1.6440220464088247,0.8954648719370208,0.21240159250370882,1.7246637032252639,0.0,0.26844879761542256,0.0,0.0,0.0,0.0,0.0,0.0,0.0,1.0,0.0,0.0,0.0,1.0,0.0,0.0,1.0,0.0,0.0,0.0,0.0,0.0,0.0,0.0,1.0,0.0,0.0,0.0,0.0,0.0,1.0,2.0,7.97
-0.4863912137411916,0.9216627031790607,0.16493619728914016,-0.11927612950352119,0.484456096411591,0.0,-1.6583612637737786,0.0,0.0,0.0,0.0,0.0,1.0,0.0,0.0,0.0,0.0,1.0,0.0,0.0,0.0,0.0,1.0,0.0,1.0,0.0,0.0,0.0,0.0,0.0,0.0,0.0,0.0,1.0,0.0,0.0,2.0,2.37
1.3313628113353784,-1.2957024783475386,-0.40300530281820607,-1.7901808799927754,2.3447675066321003,0.0,1.7135563436573236,0.0,0.0,0.0,0.0,0.0,0.0,0.0,0.0,0.0,1.0,0.0,1.0,0.0,0.0,0.0,1.0,0.0,0.0,0.0,1.0,0.0,0.0,0.0,0.0,0.0,0.0,0.0,0.0,1.0,2.0,6.82
-1.3952682262794767,0.7402121152736967,-1.4698444343923975,0.23743387340991434,-0.755751510402082,0.0,0.7501513129627229,0.0,0.0,0.0,1.0,0.0,0.0,0.0,0.0,0.0,0.0,0.0,1.0,0.0,0.0,1.0,0.0,0.0,0.0,0.0,0.0,0.0,1.0,0.0,0.0,0.0,0.0,0.0,0.0,1.0,2.0,1.67
1.3313628113353784,-1.0905426483844578,-0.9887645754779396,0.15294992535146928,-0.755751510402082,0.0,-0.6146724805212946,0.0,0.0,0.0,0.0,0.0,1.0,0.0,0.0,0.0,0.0,0.0,0.0,0.0,1.0,0.0,1.0,0.0,1.0,0.0,0.0,0.0,0.0,0.0,0.0,0.0,0.0,0.0,0.0,1.0,2.0,7.84
0.4224857987970934,-1.031170636986051,-1.0733989951017795,-0.8452122757834972,-0.755751510402082,0.0,-0.5343887279634113,1.0,0.0,0.0,0.0,0.0,0.0,0.0,0.0,0.0,0.0,0.0,0.0,0.0,1.0,0.0,1.0,0.0,0.0,0.0,1.0,0.0,0.0,0.0,0.0,0.0,0.0,0.0,1.0,0.0,2.0,5.05
-1.0923092221000483,-0.016957648366908235,-0.4252775185086902,-0.4885022728700608,-0.755751510402082,0.0,-1.738645016331662,0.0,0.0,1.0,0.0,0.0,0.0,0.0,0.0,0.0,0.0,0.0,0.0,1.0,0.0,0.0,1.0,0.0,0.0,1.0,0.0,0.0,0.0,0.0,0.0,0.0,0.0,1.0,0.0,0.0,3.0,1.84
-1.3952682262794767,0.8234064044488083,1.1649586817918791,0.13104667955853933,-0.755751510402082,0.0,-0.6146724805212946,0.0,0.0,0.0,0.0,0.0,0.0,0.0,1.0,0.0,0.0,0.0,0.0,0.0,1.0,0.0,1.0,0.0,0.0,0.0,0.0,0.0,0.0,0.0,1.0,0.0,0.0,0.0,1.0,0.0,1.0,1.2
-0.7893502179206199,1.2342629840401629,1.303046419072881,-0.7294379765922941,-0.755751510402082,0.0,-1.2569425009843618,0.0,0.0,0.0,0.0,0.0,0.0,0.0,0.0,1.0,0.0,0.0,0.0,0.0,1.0,1.0,0.0,0.0,1.0,0.0,0.0,0.0,0.0,0.0,0.0,0.0,0.0,0.0,1.0,0.0,2.0,2.17
1.02840380715595,-1.3825704283897577,1.0847787053061362,0.8194344044792058,-0.755751510402082,0.0,-0.5343887279634113,0.0,0.0,0.0,0.0,0.0,0.0,0.0,0.0,0.0,1.0,0.0,1.0,0.0,0.0,0.0,1.0,0.0,0.0,0.0,0.0,1.0,0.0,0.0,0.0,0.0,0.0,0.0,1.0,0.0,4.0,8.84
0.4224857987970934,-0.5873641453097167,-1.632431608932932,-0.7075347307993638,0.484456096411591,0.0,-1.2569425009843618,0.0,0.0,0.0,0.0,0.0,0.0,1.0,0.0,0.0,0.0,0.0,0.0,0.0,1.0,1.0,0.0,0.0,0.0,1.0,0.0,0.0,0.0,0.0,0.0,0.0,0.0,0.0,1.0,0.0,3.0,3.87
0.11952679461766508,-0.40678958422650907,0.6749699366012276,-0.6386959583072975,-0.755751510402082,0.0,-1.0963749958685949,0.0,0.0,0.0,0.0,0.0,0.0,0.0,0.0,1.0,0.0,0.0,1.0,0.0,0.0,0.0,1.0,0.0,0.0,0.0,0.0,1.0,0.0,0.0,0.0,0.0,0.0,0.0,0.0,1.0,1.0,6.45
0.7254448029765217,-2.0381493395899666,2.7796943193519814,2.6878594964939913,-0.755751510402082,0.0,-0.6146724805212946,0.0,0.0,0.0,0.0,0.0,0.0,1.0,0.0,0.0,0.0,0.0,0.0,0.0,1.0,1.0,0.0,0.0,0.0,0.0,0.0,1.0,0.0,0.0,0.0,0.0,0.0,0.0,0.0,1.0,2.0,22.5
-1.0923092221000483,0.6089211276692236,1.0491431602013614,0.08411115285940299,0.484456096411591,0.0,-1.1766587484264783,0.0,0.0,0.0,0.0,0.0,0.0,0.0,0.0,1.0,0.0,0.0,0.0,0.0,1.0,0.0,1.0,0.0,0.0,0.0,0.0,0.0,0.0,0.0,0.0,1.0,0.0,0.0,1.0,0.0,4.0,2.57
-0.4863912137411916,-0.3838150743422136,1.356499736730043,1.6204673934777993,-0.755751510402082,0.0,0.027597539941772414,0.0,0.0,0.0,0.0,0.0,0.0,0.0,0.0,0.0,1.0,0.0,0.0,0.0,1.0,1.0,0.0,0.0,0.0,0.0,0.0,1.0,0.0,0.0,0.0,0.0,0.0,0.0,0.0,1.0,2.0,4.23
0.4224857987970934,0.29931629336130144,0.9110554229203597,-0.03166314633180054,-0.755751510402082,0.0,0.10788129249965579,0.0,0.0,0.0,1.0,0.0,0.0,0.0,0.0,0.0,0.0,0.0,1.0,0.0,0.0,0.0,1.0,0.0,0.0,1.0,0.0,0.0,0.0,0.0,0.0,0.0,0.0,1.0,0.0,0.0,3.0,5.93
0.4224857987970934,-1.0597686738899956,0.1404367600296076,-0.9171800833888395,-0.755751510402082,0.0,1.0712863231942564,0.0,0.0,0.0,0.0,0.0,0.0,1.0,0.0,0.0,0.0,0.0,0.0,0.0,1.0,0.0,1.0,0.0,0.0,0.0,0.0,0.0,0.0,0.0,1.0,0.0,0.0,1.0,0.0,0.0,2.0,6.22
0.4224857987970934,0.05990664054487967,-1.632431608932932,-1.3583740343607211,-0.755751510402082,0.0,0.991002570636373,0.0,0.0,0.0,0.0,0.0,1.0,0.0,0.0,0.0,0.0,0.0,0.0,0.0,1.0,0.0,1.0,0.0,1.0,0.0,0.0,0.0,0.0,0.0,0.0,0.0,0.0,0.0,0.0,1.0,1.0,4.74
0.11952679461766508,0.35781227793755177,0.4255211208678049,-0.0066308654255941325,-0.755751510402082,0.0,-1.5780775112158953,0.0,0.0,0.0,0.0,0.0,1.0,0.0,0.0,0.0,0.0,0.0,0.0,0.0,1.0,1.0,0.0,0.0,1.0,0.0,0.0,0.0,0.0,0.0,0.0,0.0,0.0,0.0,0.0,1.0,2.0,4.25
-0.4863912137411916,0.08955025784946259,0.6794243797393243,0.3657243130542211,-0.755751510402082,0.0,0.027597539941772414,0.0,0.0,0.0,0.0,0.0,0.0,0.0,1.0,0.0,0.0,0.0,1.0,0.0,0.0,0.0,1.0,0.0,0.0,0.0,1.0,0.0,0.0,0.0,0.0,0.0,0.0,0.0,0.0,1.0,1.0,3.3
-0.7893502179206199,0.48712514045973615,-0.38296030869677034,-1.5304709655908877,1.7246637032252639,0.0,1.3121375808679065,0.0,0.0,0.0,1.0,0.0,0.0,0.0,0.0,0.0,0.0,0.0,0.0,0.0,1.0,1.0,0.0,0.0,0.0,0.0,0.0,0.0,0.0,0.0,0.0,0.0,1.0,0.0,0.0,1.0,3.0,1.2
0.7254448029765217,-1.2875073887209143,-1.498798314790027,-0.770115433064879,0.484456096411591,0.0,1.39242133342579,0.0,0.0,0.0,0.0,0.0,0.0,1.0,0.0,0.0,0.0,0.0,0.0,0.0,1.0,1.0,0.0,0.0,0.0,0.0,0.0,0.0,0.0,0.0,0.0,0.0,1.0,0.0,0.0,1.0,3.0,5.77
-0.7893502179206199,0.6742275143144963,1.4455885994919797,0.9696280899164416,-0.755751510402082,0.0,0.8304350655206063,1.0,0.0,0.0,0.0,0.0,0.0,0.0,0.0,0.0,0.0,0.0,0.0,0.0,1.0,0.0,1.0,0.0,0.0,0.0,1.0,0.0,0.0,0.0,0.0,0.0,0.0,0.0,1.0,0.0,3.0,3.94
1.3313628113353784,-0.3244713218735538,1.619311881877756,-0.24756656914782793,1.7246637032252639,0.0,0.6698675604048395,0.0,0.0,0.0,0.0,0.0,1.0,0.0,0.0,0.0,0.0,0.0,0.0,1.0,0.0,1.0,0.0,1.0,0.0,0.0,0.0,0.0,0.0,0.0,0.0,0.0,0.0,1.0,0.0,0.0,3.0,8.66
1.3313628113353784,-1.186227384507735,0.11371010120102658,-0.7106637659126394,-0.755751510402082,0.0,0.34873255017330596,0.0,0.0,0.0,1.0,0.0,0.0,0.0,0.0,0.0,0.0,0.0,0.0,0.0,1.0,0.0,1.0,0.0,0.0,0.0,1.0,0.0,0.0,0.0,0.0,0.0,0.0,0.0,0.0,1.0,3.0,8.65
-1.0923092221000483,0.8644948883009185,-0.2203731341562359,1.460886602700736,-0.755751510402082,0.0,-0.3738212228476445,0.0,0.0,0.0,1.0,0.0,0.0,0.0,0.0,0.0,0.0,0.0,0.0,1.0,0.0,0.0,1.0,0.0,0.0,0.0,0.0,0.0,0.0,0.0,1.0,0.0,0.0,0.0,0.0,1.0,2.0,3.72
-0.18343220956176326,0.07957485564877835,-0.40968696752535133,0.21240159250370882,0.484456096411591,0.0,0.18816504505753917,0.0,0.0,0.0,0.0,1.0,0.0,0.0,0.0,0.0,0.0,0.0,0.0,0.0,1.0,0.0,1.0,0.0,0.0,1.0,0.0,0.0,0.0,0.0,0.0,0.0,0.0,0.0,0.0,1.0,4.0,4.62
1.3313628113353784,-1.6988161111882205,0.12484620904626867,-1.0955350848455578,-0.755751510402082,0.0,1.6332725910994401,0.0,0.0,0.0,0.0,0.0,0.0,1.0,0.0,0.0,0.0,0.0,0.0,0.0,1.0,1.0,0.0,0.0,0.0,0.0,1.0,0.0,0.0,0.0,0.0,0.0,0.0,0.0,0.0,1.0,3.0,8.31
-0.18343220956176326,0.20185124466396448,-0.884085161732664,-1.6337291243289875,0.484456096411591,0.0,0.42901630273118935,0.0,0.0,0.0,0.0,1.0,0.0,0.0,0.0,0.0,0.0,0.0,0.0,0.0,1.0,0.0,1.0,0.0,1.0,0.0,0.0,0.0,0.0,0.0,0.0,0.0,0.0,0.0,0.0,1.0,2.0,2.62
-1.698227230458905,2.394348568013221,1.0112803935275385,0.9758861601429936,1.7246637032252639,0.0,0.991002570636373,0.0,0.0,0.0,1.0,0.0,0.0,0.0,0.0,0.0,0.0,0.0,1.0,0.0,0.0,1.0,0.0,0.0,0.0,1.0,0.0,0.0,0.0,0.0,0.0,0.0,0.0,0.0,1.0,0.0,0.0,1.2
-0.4863912137411916,0.9081831936897509,-1.632431608932932,-0.9703736803145275,-0.755751510402082,0.0,-0.3738212228476445,0.0,0.0,0.0,0.0,0.0,0.0,0.0,1.0,0.0,0.0,1.0,0.0,0.0,0.0,1.0,0.0,0.0,0.0,1.0,0.0,0.0,0.0,0.0,0.0,0.0,0.0,1.0,0.0,0.0,2.0,1.62
-0.7893502179206199,0.9340401144082383,-1.380755571630461,-0.07546963791766131,-0.755751510402082,0.0,-1.1766587484264783,1.0,0.0,0.0,0.0,0.0,0.0,0.0,0.0,0.0,0.0,0.0,0.0,0.0,1.0,0.0,1.0,1.0,0.0,0.0,0.0,0.0,0.0,0.0,0.0,0.0,0.0,1.0,0.0,0.0,2.0,2.22
-0.4863912137411916,0.44818433526839657,-1.632431608932932,-2.697209933453586,1.7246637032252639,0.0,-1.6583612637737786,0.0,1.0,0.0,0.0,0.0,0.0,0.0,0.0,0.0,0.0,0.0,0.0,0.0,1.0,0.0,1.0,0.0,0.0,0.0,1.0,0.0,0.0,0.0,0.0,0.0,0.0,0.0,0.0,1.0,4.0,2.71
1.02840380715595,-0.9560018838590819,-0.7304068734683233,-0.9015349078224607,0.484456096411591,0.0,1.39242133342579,0.0,0.0,0.0,0.0,0.0,1.0,0.0,0.0,0.0,0.0,0.0,0.0,0.0,1.0,0.0,1.0,0.0,1.0,0.0,0.0,0.0,0.0,0.0,0.0,0.0,0.0,0.0,0.0,1.0,3.0,8.44
-0.18343220956176326,0.2729224529776213,-0.3896419734039156,-0.7607283277250517,2.3447675066321003,0.0,-0.9358074907528282,0.0,1.0,0.0,0.0,0.0,0.0,0.0,0.0,0.0,0.0,0.0,0.0,0.0,1.0,0.0,1.0,0.0,0.0,0.0,1.0,0.0,0.0,0.0,0.0,0.0,0.0,0.0,0.0,1.0,3.0,3.07
-0.4863912137411916,-0.017268496594125025,0.9800992915608606,0.3062726459019815,-0.755751510402082,0.0,0.26844879761542256,0.0,0.0,0.0,0.0,0.0,1.0,0.0,0.0,0.0,0.0,0.0,0.0,0.0,1.0,1.0,0.0,0.0,0.0,0.0,0.0,0.0,0.0,0.0,1.0,0.0,0.0,0.0,1.0,0.0,1.0,3.36
0.7254448029765217,-1.1580814904797418,-1.632431608932932,-1.298922367208482,-0.755751510402082,0.0,0.5093000552890727,0.0,0.0,0.0,0.0,0.0,0.0,0.0,0.0,1.0,0.0,0.0,0.0,0.0,1.0,1.0,0.0,0.0,0.0,1.0,0.0,0.0,0.0,0.0,0.0,0.0,0.0,0.0,0.0,1.0,2.0,6.5
-0.7893502179206199,1.9407079687849371,1.1025964778585235,0.8726280014048933,1.7246637032252639,0.0,-0.6949562330791781,0.0,0.0,0.0,0.0,0.0,0.0,1.0,0.0,0.0,0.0,0.0,0.0,0.0,1.0,0.0,1.0,0.0,1.0,0.0,0.0,0.0,0.0,0.0,0.0,0.0,0.0,0.0,0.0,1.0,1.0,1.2
1.02840380715595,-0.2414465862769241,-0.36514253614438297,0.043433696386817794,-0.755751510402082,0.0,0.10788129249965579,0.0,0.0,0.0,0.0,0.0,0.0,1.0,0.0,0.0,0.0,0.0,0.0,0.0,1.0,1.0,0.0,0.0,0.0,1.0,0.0,0.0,0.0,0.0,0.0,0.0,0.0,1.0,0.0,0.0,2.0,7.04
0.11952679461766508,-0.6950306676457138,0.9177370876275049,0.49714378781180246,-0.755751510402082,0.0,-1.738645016331662,0.0,1.0,0.0,0.0,0.0,0.0,0.0,0.0,0.0,0.0,0.0,0.0,1.0,0.0,0.0,1.0,0.0,0.0,0.0,0.0,1.0,0.0,0.0,0.0,0.0,0.0,0.0,0.0,1.0,2.0,6.21
-0.7893502179206199,0.9825041789243104,0.28075171887965783,1.219950898978502,1.7246637032252639,0.0,0.8304350655206063,0.0,1.0,0.0,0.0,0.0,0.0,0.0,0.0,0.0,0.0,0.0,0.0,0.0,1.0,1.0,0.0,0.0,0.0,1.0,0.0,0.0,0.0,0.0,0.0,0.0,0.0,0.0,0.0,1.0,2.0,3.66
1.02840380715595,-1.0723156386976551,-0.4364136263539323,0.09975632842578176,0.484456096411591,0.0,-0.6146724805212946,0.0,0.0,0.0,1.0,0.0,0.0,0.0,0.0,0.0,0.0,1.0,0.0,0.0,0.0,0.0,1.0,0.0,0.0,0.0,1.0,0.0,0.0,0.0,0.0,0.0,0.0,0.0,1.0,0.0,2.0,7.27
-0.4863912137411916,-0.2739726144156991,-1.6079321716733994,-2.1343747424531085,-0.755751510402082,0.0,1.1515700757521399,1.0,0.0,0.0,0.0,0.0,0.0,0.0,0.0,0.0,0.0,0.0,0.0,0.0,1.0,0.0,1.0,0.0,0.0,0.0,0.0,0.0,0.0,0.0,1.0,0.0,0.0,0.0,1.0,0.0,1.0,1.2
-1.0923092221000483,0.7301236773540245,-1.3317566971113959,-0.2788569202805855,1.7246637032252639,0.0,1.7135563436573236,1.0,0.0,0.0,0.0,0.0,0.0,0.0,0.0,0.0,0.0,0.0,1.0,0.0,0.0,0.0,1.0,0.0,1.0,0.0,0.0,0.0,0.0,0.0,0.0,0.0,0.0,0.0,0.0,1.0,2.0,1.87
-1.0923092221000483,1.123516238361745,-0.6368635675682898,2.265048626812605,-0.755751510402082,0.0,0.10788129249965579,0.0,1.0,0.0,0.0,0.0,0.0,0.0,0.0,0.0,0.0,0.0,0.0,0.0,1.0,1.0,0.0,0.0,0.0,0.0,0.0,0.0,0.0,0.0,0.0,0.0,1.0,0.0,1.0,0.0,2.0,2.77
0.11952679461766508,-1.090090505508506,-1.300575595144718,-0.41966350037799455,-0.755751510402082,0.0,0.5093000552890727,0.0,0.0,0.0,0.0,0.0,0.0,0.0,1.0,0.0,0.0,0.0,0.0,0.0,1.0,0.0,1.0,0.0,0.0,0.0,0.0,0.0,0.0,0.0,0.0,0.0,1.0,0.0,1.0,0.0,2.0,4.28
1.02840380715595,-0.15059412714038067,0.8531476621251008,0.331304926808187,-0.755751510402082,0.0,-1.0160912433107117,1.0,0.0,0.0,0.0,0.0,0.0,0.0,0.0,0.0,0.0,0.0,0.0,0.0,1.0,0.0,1.0,1.0,0.0,0.0,0.0,0.0,0.0,0.0,0.0,0.0,0.0,1.0,0.0,0.0,3.0,6.83
-0.4863912137411916,0.042244809453016646,0.3965672404701755,1.3325961630564291,-0.755751510402082,0.0,0.26844879761542256,0.0,0.0,0.0,0.0,0.0,0.0,0.0,0.0,0.0,1.0,0.0,1.0,0.0,0.0,0.0,1.0,0.0,0.0,0.0,1.0,0.0,0.0,0.0,0.0,0.0,0.0,0.0,0.0,1.0,4.0,5.34
-1.0923092221000483,0.518294739970656,0.10480121492483292,-1.129954471091591,-0.755751510402082,0.0,1.0712863231942564,0.0,0.0,0.0,0.0,0.0,1.0,0.0,0.0,0.0,0.0,1.0,0.0,0.0,0.0,1.0,0.0,0.0,0.0,0.0,0.0,0.0,1.0,0.0,0.0,0.0,0.0,1.0,0.0,0.0,3.0,2.65
1.02840380715595,-0.6381171831352943,-0.643545232275435,-0.6668572743267785,0.484456096411591,0.0,-0.4541049754055279,0.0,0.0,0.0,1.0,0.0,0.0,0.0,0.0,0.0,0.0,0.0,0.0,0.0,1.0,0.0,1.0,0.0,0.0,1.0,0.0,0.0,0.0,0.0,0.0,0.0,0.0,0.0,0.0,1.0,1.0,6.65
-1.0923092221000483,0.17192503806191176,0.30079671300109356,-1.1675028924509,0.484456096411591,0.0,-1.2569425009843618,0.0,0.0,0.0,0.0,0.0,0.0,0.0,0.0,0.0,1.0,0.0,1.0,0.0,0.0,1.0,0.0,0.0,0.0,0.0,0.0,0.0,0.0,0.0,1.0,0.0,0.0,0.0,1.0,0.0,3.0,2.06
-1.3952682262794767,-2.045214072026712,2.7796943193519814,2.6878594964939913,0.484456096411591,0.0,-1.497793758658012,0.0,0.0,0.0,0.0,0.0,1.0,0.0,0.0,0.0,0.0,0.0,0.0,0.0,1.0,0.0,1.0,0.0,0.0,0.0,0.0,1.0,0.0,0.0,0.0,0.0,0.0,0.0,0.0,1.0,0.0,18.7
0.11952679461766508,-1.0017530911194439,-0.9754012460636491,-0.4759861324169576,-0.755751510402082,0.0,-1.5780775112158953,0.0,0.0,0.0,1.0,0.0,0.0,0.0,0.0,0.0,0.0,0.0,1.0,0.0,0.0,0.0,1.0,0.0,0.0,0.0,1.0,0.0,0.0,0.0,0.0,0.0,0.0,0.0,1.0,0.0,2.0,4.27
-0.4863912137411916,0.9589362315153285,1.5970396661872721,0.8382086151588601,-0.755751510402082,0.0,0.42901630273118935,0.0,0.0,0.0,0.0,0.0,0.0,0.0,0.0,1.0,0.0,0.0,0.0,1.0,0.0,0.0,1.0,1.0,0.0,0.0,0.0,0.0,0.0,0.0,0.0,0.0,0.0,0.0,0.0,1.0,4.0,5.24
1.02840380715595,-1.5064858353302688,1.0112803935275385,0.5159179984914568,-0.755751510402082,0.0,0.42901630273118935,0.0,1.0,0.0,0.0,0.0,0.0,0.0,0.0,0.0,0.0,0.0,0.0,0.0,1.0,1.0,0.0,1.0,0.0,0.0,0.0,0.0,0.0,0.0,0.0,0.0,0.0,0.0,1.0,0.0,3.0,6.92
0.7254448029765217,-0.7042995966027235,0.32752337182967456,-1.3708901748138242,0.484456096411591,0.0,1.1515700757521399,0.0,0.0,0.0,0.0,0.0,0.0,1.0,0.0,0.0,0.0,0.0,1.0,0.0,0.0,1.0,0.0,0.0,0.0,0.0,1.0,0.0,0.0,0.0,0.0,0.0,0.0,0.0,1.0,0.0,2.0,5.82
-1.698227230458905,2.083952483672383,1.1382320229632983,2.4027261717967385,-0.755751510402082,0.0,-1.4175100061001285,0.0,0.0,0.0,0.0,0.0,0.0,0.0,0.0,0.0,1.0,0.0,0.0,0.0,1.0,0.0,1.0,0.0,0.0,0.0,1.0,0.0,0.0,0.0,0.0,0.0,0.0,0.0,0.0,1.0,2.0,1.2
-1.3952682262794767,1.1988828039969428,-0.5789558067730309,-1.333341753454515,0.484456096411591,0.0,-0.6146724805212946,1.0,0.0,0.0,0.0,0.0,0.0,0.0,0.0,0.0,0.0,0.0,0.0,0.0,1.0,1.0,0.0,0.0,0.0,0.0,0.0,1.0,0.0,0.0,0.0,0.0,0.0,0.0,0.0,1.0,2.0,1.2
-1.698227230458905,0.7345320703945535,-0.8640401676112283,-1.1362125413181425,1.7246637032252639,0.0,-1.0160912433107117,0.0,0.0,0.0,0.0,0.0,0.0,1.0,0.0,0.0,0.0,0.0,0.0,0.0,1.0,1.0,0.0,0.0,0.0,0.0,0.0,0.0,0.0,0.0,1.0,0.0,0.0,0.0,0.0,1.0,3.0,1.2
-0.7893502179206199,0.25119133600219307,-0.36291531457533455,-0.12866323484334882,-0.755751510402082,0.0,1.1515700757521399,0.0,1.0,0.0,0.0,0.0,0.0,0.0,0.0,0.0,0.0,0.0,0.0,1.0,0.0,1.0,0.0,0.0,1.0,0.0,0.0,0.0,0.0,0.0,0.0,0.0,0.0,0.0,1.0,0.0,3.0,4.35
1.6343218155148067,-1.7609857566315783,-1.632431608932932,-0.5323087644559216,1.7246637032252639,0.0,0.5895838078469561,1.0,0.0,0.0,0.0,0.0,0.0,0.0,0.0,0.0,0.0,0.0,1.0,0.0,0.0,0.0,1.0,0.0,0.0,0.0,0.0,0.0,0.0,0.0,0.0,0.0,1.0,1.0,0.0,0.0,3.0,9.72
-1.698227230458905,1.0354614132701525,-0.8595857244731315,-0.8264380651038424,-0.755751510402082,0.0,-0.05268621261611097,0.0,0.0,0.0,0.0,0.0,0.0,0.0,0.0,1.0,0.0,0.0,1.0,0.0,0.0,0.0,1.0,0.0,0.0,0.0,0.0,0.0,0.0,0.0,0.0,0.0,1.0,0.0,0.0,1.0,2.0,1.2
0.7254448029765217,-0.1920217181494546,-1.1847600735542003,0.7944021235729993,-0.755751510402082,0.0,0.5093000552890727,0.0,0.0,0.0,0.0,1.0,0.0,0.0,0.0,0.0,0.0,0.0,0.0,0.0,1.0,0.0,1.0,0.0,0.0,0.0,0.0,0.0,0.0,1.0,0.0,0.0,0.0,0.0,0.0,1.0,2.0,5.43
1.6343218155148067,-0.9960165283808068,0.10034677178673608,1.0290797570686812,1.7246637032252639,0.0,-1.2569425009843618,0.0,0.0,0.0,1.0,0.0,0.0,0.0,0.0,0.0,0.0,0.0,1.0,0.0,0.0,0.0,1.0,0.0,1.0,0.0,0.0,0.0,0.0,0.0,0.0,0.0,0.0,0.0,1.0,0.0,2.0,7.99
1.3313628113353784,-0.49905498985040153,-0.051104294908556246,-0.860857451349876,1.7246637032252639,0.0,1.3121375808679065,0.0,0.0,0.0,0.0,0.0,0.0,1.0,0.0,0.0,0.0,0.0,0.0,0.0,1.0,1.0,0.0,0.0,1.0,0.0,0.0,0.0,0.0,0.0,0.0,0.0,0.0,0.0,0.0,1.0,2.0,6.68
-1.3952682262794767,1.5118504509447557,0.25625228162012526,0.2155306276169844,0.484456096411591,0.0,-0.5343887279634113,0.0,0.0,0.0,0.0,0.0,0.0,0.0,0.0,1.0,0.0,0.0,1.0,0.0,0.0,0.0,1.0,0.0,0.0,0.0,0.0,0.0,0.0,0.0,0.0,1.0,0.0,0.0,1.0,0.0,3.0,1.67
0.11952679461766508,-1.2218618949186777,-0.23596368513957483,0.1341757146718149,0.484456096411591,0.0,-1.0963749958685949,0.0,0.0,0.0,0.0,0.0,0.0,0.0,0.0,0.0,1.0,0.0,1.0,0.0,0.0,0.0,1.0,0.0,1.0,0.0,0.0,0.0,0.0,0.0,0.0,0.0,0.0,0.0,0.0,1.0,2.0,4.81
-0.18343220956176326,0.5676913491683786,-0.5054574949944333,-2.218858690511554,0.484456096411591,0.0,-1.1766587484264783,0.0,0.0,0.0,0.0,1.0,0.0,0.0,0.0,0.0,0.0,1.0,0.0,0.0,0.0,0.0,1.0,0.0,0.0,0.0,0.0,0.0,1.0,0.0,0.0,0.0,0.0,0.0,1.0,0.0,2.0,1.42
-0.7893502179206199,1.433205849458908,-0.20923702631099383,0.18736931159750242,-0.755751510402082,0.0,0.7501513129627229,0.0,1.0,0.0,0.0,0.0,0.0,0.0,0.0,0.0,0.0,0.0,0.0,0.0,1.0,1.0,0.0,1.0,0.0,0.0,0.0,0.0,0.0,0.0,0.0,0.0,0.0,0.0,0.0,1.0,3.0,2.74
1.02840380715595,-0.3393920367799597,0.41661223459161123,0.7349504564207598,0.484456096411591,0.0,-0.21325371773187773,0.0,0.0,0.0,0.0,0.0,1.0,0.0,0.0,0.0,0.0,0.0,0.0,0.0,1.0,0.0,1.0,0.0,0.0,0.0,0.0,0.0,0.0,0.0,1.0,0.0,0.0,0.0,0.0,1.0,3.0,6.23
-0.4863912137411916,0.9707202052198195,0.9734176268537154,0.7412085266473118,1.7246637032252639,0.0,-1.4175100061001285,0.0,1.0,0.0,0.0,0.0,0.0,0.0,0.0,0.0,0.0,0.0,0.0,0.0,1.0,1.0,0.0,0.0,0.0,1.0,0.0,0.0,0.0,0.0,0.0,0.0,0.0,0.0,1.0,0.0,2.0,2.86
0.7254448029765217,-0.9942644747364939,-1.2716217147470885,-0.7450831521586729,-0.755751510402082,0.0,1.3121375808679065,0.0,0.0,0.0,0.0,0.0,0.0,1.0,0.0,0.0,0.0,1.0,0.0,0.0,0.0,0.0,1.0,0.0,0.0,0.0,0.0,0.0,0.0,0.0,0.0,0.0,1.0,1.0,0.0,0.0,3.0,7.17
-1.698227230458905,1.046482395871475,0.5947899601154846,-0.15056648063627875,0.484456096411591,0.0,-0.9358074907528282,0.0,0.0,0.0,0.0,0.0,0.0,1.0,0.0,0.0,0.0,0.0,0.0,0.0,1.0,0.0,1.0,0.0,0.0,0.0,0.0,0.0,0.0,0.0,1.0,0.0,0.0,0.0,0.0,1.0,3.0,1.2
-1.698227230458905,1.7725108189309071,-1.6235227226567384,0.2593371192028452,0.484456096411591,0.0,0.9107188180784896,0.0,0.0,0.0,0.0,0.0,0.0,0.0,0.0,0.0,1.0,0.0,0.0,0.0,1.0,0.0,1.0,0.0,0.0,0.0,0.0,0.0,1.0,0.0,0.0,0.0,0.0,0.0,1.0,0.0,2.0,1.2
1.3313628113353784,-1.5808915973540694,0.944463746456086,1.8926934483327897,0.484456096411591,0.0,0.34873255017330596,0.0,0.0,0.0,0.0,0.0,0.0,0.0,0.0,0.0,1.0,0.0,1.0,0.0,0.0,0.0,1.0,0.0,0.0,0.0,0.0,0.0,0.0,1.0,0.0,0.0,0.0,1.0,0.0,0.0,3.0,10.4
-1.698227230458905,1.0341049846422974,-0.9709468029255524,-0.6386959583072975,0.484456096411591,0.0,-0.3738212228476445,0.0,0.0,0.0,0.0,1.0,0.0,0.0,0.0,0.0,0.0,0.0,0.0,0.0,1.0,0.0,1.0,0.0,0.0,0.0,0.0,0.0,0.0,0.0,0.0,0.0,1.0,0.0,0.0,1.0,2.0,1.2
1.6343218155148067,-1.338260426546492,-0.20032814003480015,2.6878594964939913,1.7246637032252639,0.0,1.7135563436573236,0.0,1.0,0.0,0.0,0.0,0.0,0.0,0.0,0.0,0.0,0.0,0.0,0.0,1.0,1.0,0.0,0.0,0.0,0.0,0.0,1.0,0.0,0.0,0.0,0.0,0.0,0.0,0.0,1.0,3.0,8.21
1.6343218155148067,-0.46022722037804986,0.21393507180820534,0.14356282001164164,0.484456096411591,0.0,0.34873255017330596,0.0,0.0,0.0,0.0,0.0,1.0,0.0,0.0,0.0,0.0,0.0,0.0,0.0,1.0,0.0,1.0,0.0,0.0,0.0,0.0,1.0,0.0,0.0,0.0,0.0,0.0,0.0,1.0,0.0,2.0,7.57
1.3313628113353784,-0.43439855858930937,-0.8484496166278894,1.0541120379748874,0.484456096411591,0.0,-0.8555237381949448,0.0,0.0,0.0,0.0,0.0,1.0,0.0,0.0,0.0,0.0,0.0,1.0,0.0,0.0,0.0,1.0,0.0,1.0,0.0,0.0,0.0,0.0,0.0,0.0,0.0,0.0,0.0,0.0,1.0,3.0,7.92
0.4224857987970934,-1.4316561893602635,-1.632431608932932,-1.2926642969819304,0.484456096411591,0.0,0.9107188180784896,0.0,0.0,1.0,0.0,0.0,0.0,0.0,0.0,0.0,0.0,0.0,0.0,0.0,1.0,0.0,1.0,1.0,0.0,0.0,0.0,0.0,0.0,0.0,0.0,0.0,0.0,1.0,0.0,0.0,2.0,5.79
-0.7893502179206199,0.3738916089635839,1.6081757740325142,1.2637573905643629,2.3447675066321003,0.0,0.5093000552890727,0.0,0.0,0.0,0.0,1.0,0.0,0.0,0.0,0.0,0.0,0.0,0.0,0.0,1.0,0.0,1.0,1.0,0.0,0.0,0.0,0.0,0.0,0.0,0.0,0.0,0.0,0.0,1.0,0.0,2.0,2.21
0.11952679461766508,-0.8565304511497093,-0.09119428315142775,0.48775668247197485,2.3447675066321003,0.0,-1.738645016331662,0.0,0.0,1.0,0.0,0.0,0.0,0.0,0.0,0.0,0.0,0.0,0.0,0.0,1.0,0.0,1.0,0.0,0.0,0.0,0.0,0.0,0.0,0.0,0.0,1.0,0.0,1.0,0.0,0.0,2.0,4.44
1.6343218155148067,-1.1248772480270395,0.8709654346774882,0.8006601937995506,2.3447675066321003,0.0,-1.0963749958685949,0.0,0.0,0.0,0.0,0.0,0.0,1.0,0.0,0.0,0.0,0.0,0.0,1.0,0.0,0.0,1.0,0.0,0.0,0.0,0.0,0.0,0.0,0.0,1.0,0.0,0.0,0.0,1.0,0.0,2.0,8.55
1.3313628113353784,-1.336536631831926,1.3253186347633652,0.606660016776454,-0.755751510402082,0.0,0.10788129249965579,0.0,0.0,0.0,0.0,0.0,0.0,0.0,0.0,0.0,1.0,0.0,1.0,0.0,0.0,0.0,1.0,0.0,0.0,0.0,0.0,0.0,0.0,0.0,0.0,1.0,0.0,0.0,0.0,1.0,3.0,10.11
-0.7893502179206199,1.1008525767046662,1.265183652399058,1.085402389107645,1.7246637032252639,0.0,0.8304350655206063,0.0,0.0,0.0,0.0,1.0,0.0,0.0,0.0,0.0,0.0,0.0,0.0,0.0,1.0,0.0,1.0,0.0,0.0,1.0,0.0,0.0,0.0,0.0,0.0,0.0,0.0,1.0,0.0,0.0,2.0,1.39
-1.3952682262794767,1.1264551670554308,-1.0800806598089248,-0.7294379765922941,0.484456096411591,0.0,-1.497793758658012,0.0,1.0,0.0,0.0,0.0,0.0,0.0,0.0,0.0,0.0,1.0,0.0,0.0,0.0,0.0,1.0,0.0,0.0,0.0,0.0,0.0,0.0,0.0,0.0,0.0,1.0,0.0,0.0,1.0,3.0,1.2
-1.698227230458905,1.8071562668007055,0.28075171887965783,1.1104346700138505,-0.755751510402082,0.0,1.7135563436573236,0.0,0.0,1.0,0.0,0.0,0.0,0.0,0.0,0.0,0.0,0.0,0.0,0.0,1.0,0.0,1.0,0.0,0.0,0.0,0.0,0.0,0.0,1.0,0.0,0.0,0.0,1.0,0.0,0.0,3.0,1.4
1.3313628113353784,-1.9307654065514392,-1.0533540009803437,-0.9828898207676302,-0.755751510402082,0.0,-1.6583612637737786,0.0,0.0,0.0,0.0,0.0,0.0,0.0,0.0,1.0,0.0,0.0,0.0,0.0,1.0,1.0,0.0,0.0,0.0,0.0,0.0,0.0,0.0,0.0,0.0,1.0,0.0,0.0,0.0,1.0,2.0,8.44
-0.18343220956176326,-0.09797599995150233,0.1293006521843655,0.36885334816749665,0.484456096411591,0.0,1.5529888385415567,0.0,0.0,0.0,0.0,0.0,0.0,0.0,0.0,1.0,0.0,0.0,0.0,0.0,1.0,1.0,0.0,0.0,1.0,0.0,0.0,0.0,0.0,0.0,0.0,0.0,0.0,1.0,0.0,0.0,3.0,4.63
0.7254448029765217,-0.7429578124965932,0.10034677178673608,-0.9703736803145275,0.484456096411591,0.0,-1.2569425009843618,0.0,0.0,0.0,0.0,0.0,0.0,0.0,1.0,0.0,0.0,0.0,1.0,0.0,0.0,0.0,1.0,0.0,0.0,1.0,0.0,0.0,0.0,0.0,0.0,0.0,0.0,0.0,0.0,1.0,2.0,5.65
1.02840380715595,-1.3655868116118224,1.040234273925168,-0.9422123642950455,-0.755751510402082,0.0,0.10788129249965579,0.0,1.0,0.0,0.0,0.0,0.0,0.0,0.0,0.0,0.0,0.0,1.0,0.0,0.0,0.0,1.0,0.0,0.0,0.0,0.0,0.0,0.0,0.0,0.0,1.0,0.0,0.0,0.0,1.0,2.0,28.5
1.6343218155148067,-0.8529415670718428,0.2696156110344157,0.0966272933125053,-0.755751510402082,0.0,-1.738645016331662,0.0,0.0,0.0,0.0,0.0,0.0,0.0,1.0,0.0,0.0,0.0,0.0,0.0,1.0,1.0,0.0,0.0,0.0,0.0,0.0,0.0,0.0,0.0,1.0,0.0,0.0,0.0,0.0,1.0,3.0,8.62
0.4224857987970934,-0.33436194728499713,1.559176899513449,0.5628535251905932,-0.755751510402082,0.0,-1.738645016331662,0.0,0.0,0.0,0.0,0.0,0.0,1.0,0.0,0.0,0.0,0.0,0.0,0.0,1.0,0.0,1.0,0.0,1.0,0.0,0.0,0.0,0.0,0.0,0.0,0.0,0.0,0.0,0.0,1.0,2.0,4.73
1.3313628113353784,-0.9268951862196916,0.7863310150536484,-0.22566332335489708,0.484456096411591,0.0,-1.3372262535422452,1.0,0.0,0.0,0.0,0.0,0.0,0.0,0.0,0.0,0.0,0.0,1.0,0.0,0.0,1.0,0.0,0.0,0.0,0.0,0.0,0.0,0.0,0.0,1.0,0.0,0.0,0.0,1.0,0.0,3.0,8.35
0.7254448029765217,0.2620145060952867,-0.20032814003480015,-1.5429871060439908,2.3447675066321003,0.0,-0.9358074907528282,0.0,0.0,0.0,0.0,0.0,0.0,0.0,1.0,0.0,0.0,0.0,0.0,0.0,1.0,0.0,1.0,0.0,1.0,0.0,0.0,0.0,0.0,0.0,0.0,0.0,0.0,1.0,0.0,0.0,3.0,5.15
-1.0923092221000483,0.7064992120855486,0.7885582366226969,-0.4353086759443733,0.484456096411591,0.0,0.10788129249965579,0.0,0.0,0.0,0.0,0.0,0.0,0.0,0.0,1.0,0.0,0.0,0.0,0.0,1.0,1.0,0.0,0.0,0.0,0.0,1.0,0.0,0.0,0.0,0.0,0.0,0.0,0.0,0.0,1.0,3.0,2.69
-1.3952682262794767,0.8141374754917986,1.0446887170632648,0.634821332795936,0.484456096411591,0.0,-1.5780775112158953,0.0,0.0,0.0,0.0,0.0,1.0,0.0,0.0,0.0,0.0,0.0,0.0,0.0,1.0,1.0,0.0,1.0,0.0,0.0,0.0,0.0,0.0,0.0,0.0,0.0,0.0,0.0,0.0,1.0,2.0,1.2
-1.3952682262794767,1.1155472201730963,-0.12014816354905716,0.4189179099799086,-0.755751510402082,0.0,-0.5343887279634113,0.0,0.0,0.0,0.0,0.0,1.0,0.0,0.0,0.0,0.0,0.0,0.0,0.0,1.0,0.0,1.0,0.0,0.0,0.0,0.0,0.0,0.0,1.0,0.0,0.0,0.0,0.0,0.0,1.0,2.0,1.23
1.3313628113353784,-1.9307654065514392,-0.18473758905146123,-1.5993097380829544,1.7246637032252639,0.0,-0.6146724805212946,0.0,0.0,0.0,0.0,0.0,0.0,1.0,0.0,0.0,0.0,0.0,0.0,1.0,0.0,0.0,1.0,0.0,0.0,1.0,0.0,0.0,0.0,0.0,0.0,0.0,0.0,0.0,0.0,1.0,3.0,10.04
-0.7893502179206199,0.572975769031064,-1.632431608932932,-2.697209933453586,-0.755751510402082,0.0,1.1515700757521399,0.0,0.0,0.0,0.0,0.0,1.0,0.0,0.0,0.0,0.0,0.0,0.0,1.0,0.0,1.0,0.0,0.0,0.0,0.0,0.0,0.0,0.0,0.0,0.0,1.0,0.0,0.0,0.0,1.0,3.0,2.98
1.6343218155148067,-1.2603505572340656,-0.35623364986818934,0.6379503679092116,0.484456096411591,0.0,0.10788129249965579,0.0,0.0,0.0,0.0,0.0,0.0,0.0,1.0,0.0,0.0,0.0,0.0,0.0,1.0,1.0,0.0,0.0,1.0,0.0,0.0,0.0,0.0,0.0,0.0,0.0,0.0,0.0,1.0,0.0,2.0,8.96
0.4224857987970934,-0.043860149486034006,-0.10233039099666982,0.5346922091711112,0.484456096411591,0.0,0.34873255017330596,1.0,0.0,0.0,0.0,0.0,0.0,0.0,0.0,0.0,0.0,0.0,0.0,0.0,1.0,0.0,1.0,0.0,0.0,0.0,1.0,0.0,0.0,0.0,0.0,0.0,0.0,0.0,1.0,0.0,3.0,7.11
0.4224857987970934,-0.2303973447458546,0.4589294444035312,1.614209323251247,-0.755751510402082,0.0,-1.4175100061001285,0.0,1.0,0.0,0.0,0.0,0.0,0.0,0.0,0.0,0.0,1.0,0.0,0.0,0.0,1.0,0.0,1.0,0.0,0.0,0.0,0.0,0.0,0.0,0.0,0.0,0.0,0.0,1.0,0.0,2.0,5.84
-0.18343220956176326,-0.5568727601127244,0.06471122668196141,0.062207907066472154,0.484456096411591,0.0,0.7501513129627229,0.0,0.0,1.0,0.0,0.0,0.0,0.0,0.0,0.0,0.0,0.0,0.0,0.0,1.0,0.0,1.0,0.0,1.0,0.0,0.0,0.0,0.0,0.0,0.0,0.0,0.0,1.0,0.0,0.0,2.0,4.04
-0.4863912137411916,0.11956124124075625,-0.3517792067300925,0.31565975124180823,-0.755751510402082,0.0,0.18816504505753917,0.0,1.0,0.0,0.0,0.0,0.0,0.0,0.0,0.0,0.0,0.0,1.0,0.0,0.0,1.0,0.0,0.0,0.0,0.0,0.0,0.0,0.0,0.0,1.0,0.0,0.0,0.0,0.0,1.0,4.0,4.88
0.4224857987970934,-0.9259061236785473,-0.16691981649907392,-0.4791151675302332,2.3447675066321003,0.0,1.1515700757521399,0.0,1.0,0.0,0.0,0.0,0.0,0.0,0.0,0.0,0.0,0.0,0.0,0.0,1.0,0.0,1.0,0.0,0.0,1.0,0.0,0.0,0.0,0.0,0.0,0.0,0.0,0.0,0.0,1.0,2.0,4.58
0.11952679461766508,-0.22678020173824104,-0.9397657009588745,-0.6230507827409187,-0.755751510402082,0.0,0.027597539941772414,0.0,0.0,0.0,0.0,0.0,0.0,1.0,0.0,0.0,0.0,0.0,0.0,0.0,1.0,1.0,0.0,0.0,0.0,0.0,0.0,1.0,0.0,0.0,0.0,0.0,0.0,0.0,0.0,1.0,3.0,6.32
-0.7893502179206199,0.692426265071552,0.2094806286701085,0.6942729999481755,0.484456096411591,0.0,-1.0963749958685949,0.0,0.0,0.0,0.0,0.0,0.0,0.0,0.0,1.0,0.0,0.0,0.0,0.0,1.0,0.0,1.0,0.0,0.0,0.0,0.0,0.0,0.0,1.0,0.0,0.0,0.0,1.0,0.0,0.0,2.0,3.31
-0.18343220956176326,0.34537834884888025,-1.632431608932932,0.04656273150009337,0.484456096411591,0.0,-1.5780775112158953,0.0,1.0,0.0,0.0,0.0,0.0,0.0,0.0,0.0,0.0,0.0,1.0,0.0,0.0,0.0,1.0,0.0,0.0,0.0,0.0,0.0,1.0,0.0,0.0,0.0,0.0,0.0,1.0,0.0,2.0,3.26
-1.3952682262794767,1.5243974157524152,-0.16691981649907392,1.2043057234121233,-0.755751510402082,0.0,0.027597539941772414,0.0,0.0,1.0,0.0,0.0,0.0,0.0,0.0,0.0,0.0,0.0,0.0,0.0,1.0,1.0,0.0,0.0,0.0,0.0,1.0,0.0,0.0,0.0,0.0,0.0,0.0,0.0,0.0,1.0,2.0,1.84
-0.7893502179206199,1.2355911537382709,1.3787719524205273,0.9508538792367872,-0.755751510402082,0.0,1.7135563436573236,0.0,0.0,0.0,0.0,0.0,0.0,0.0,0.0,0.0,1.0,0.0,1.0,0.0,0.0,1.0,0.0,0.0,1.0,0.0,0.0,0.0,0.0,0.0,0.0,0.0,0.0,1.0,0.0,0.0,3.0,3.71
-0.4863912137411916,1.1471972214897148,0.20502618553201166,0.13104667955853933,-0.755751510402082,0.0,0.6698675604048395,0.0,0.0,0.0,0.0,0.0,0.0,0.0,0.0,1.0,0.0,0.0,0.0,0.0,1.0,0.0,1.0,0.0,1.0,0.0,0.0,0.0,0.0,0.0,0.0,0.0,0.0,0.0,0.0,1.0,2.0,4.17
-0.7893502179206199,-0.2235869426768322,-1.0622628872565374,-1.552374211383818,0.484456096411591,0.0,-0.13296996517399434,0.0,0.0,0.0,0.0,0.0,0.0,0.0,0.0,1.0,0.0,0.0,0.0,0.0,1.0,0.0,1.0,1.0,0.0,0.0,0.0,0.0,0.0,0.0,0.0,0.0,0.0,0.0,0.0,1.0,2.0,2.19
0.11952679461766508,-0.3042944460342095,-0.04219540863236258,0.6629826488154179,-0.755751510402082,0.0,0.18816504505753917,0.0,0.0,0.0,1.0,0.0,0.0,0.0,0.0,0.0,0.0,0.0,1.0,0.0,0.0,0.0,1.0,0.0,0.0,1.0,0.0,0.0,0.0,0.0,0.0,0.0,0.0,1.0,0.0,0.0,2.0,5.96
-0.18343220956176326,-0.07460586505074918,-0.7059074362087907,0.46585343667904494,1.7246637032252639,0.0,1.1515700757521399,0.0,0.0,0.0,0.0,1.0,0.0,0.0,0.0,0.0,0.0,0.0,0.0,0.0,1.0,1.0,0.0,0.0,0.0,0.0,1.0,0.0,0.0,0.0,0.0,0.0,0.0,0.0,1.0,0.0,3.0,4.25
-1.3952682262794767,0.8239715830437478,0.49233776793925743,0.7099181755145543,-0.755751510402082,0.0,-0.13296996517399434,1.0,0.0,0.0,0.0,0.0,0.0,0.0,0.0,0.0,0.0,0.0,0.0,0.0,1.0,0.0,1.0,0.0,0.0,0.0,0.0,0.0,0.0,0.0,0.0,0.0,1.0,0.0,1.0,0.0,2.0,1.2
0.11952679461766508,-0.12024403659212324,-1.632431608932932,-0.09424384859731567,0.484456096411591,0.0,0.991002570636373,0.0,0.0,0.0,0.0,0.0,1.0,0.0,0.0,0.0,0.0,0.0,0.0,0.0,1.0,0.0,1.0,0.0,0.0,1.0,0.0,0.0,0.0,0.0,0.0,0.0,0.0,0.0,0.0,1.0,3.0,5.25
0.4224857987970934,-0.7529897325567715,0.12261898747722025,-0.22879235846817267,-0.755751510402082,0.0,0.7501513129627229,0.0,0.0,1.0,0.0,0.0,0.0,0.0,0.0,0.0,0.0,0.0,0.0,0.0,1.0,0.0,1.0,0.0,0.0,0.0,0.0,1.0,0.0,0.0,0.0,0.0,0.0,0.0,1.0,0.0,2.0,5.27
0.11952679461766508,0.37705660909524574,-0.03328652235616891,-0.5416958697957484,0.484456096411591,0.0,0.7501513129627229,0.0,0.0,0.0,0.0,0.0,0.0,0.0,1.0,0.0,0.0,0.0,1.0,0.0,0.0,1.0,0.0,0.0,0.0,0.0,0.0,0.0,1.0,0.0,0.0,0.0,0.0,0.0,1.0,0.0,3.0,6.18
0.4224857987970934,-0.6508337015214357,0.3431139228130135,1.6454996743840047,1.7246637032252639,0.0,-1.2569425009843618,0.0,0.0,0.0,1.0,0.0,0.0,0.0,0.0,0.0,0.0,0.0,0.0,0.0,1.0,1.0,0.0,0.0,0.0,0.0,0.0,0.0,0.0,0.0,1.0,0.0,0.0,0.0,0.0,1.0,3.0,3.59
1.3313628113353784,-1.7304378535750922,-0.7816329695564369,-0.8921478024826336,-0.755751510402082,0.0,-1.0160912433107117,1.0,0.0,0.0,0.0,0.0,0.0,0.0,0.0,0.0,0.0,0.0,0.0,1.0,0.0,1.0,0.0,0.0,0.0,0.0,0.0,0.0,0.0,1.0,0.0,0.0,0.0,1.0,0.0,0.0,3.0,10.2
0.11952679461766508,0.3954249134307833,-1.6034777285353026,-0.8014057841976364,-0.755751510402082,0.0,0.991002570636373,0.0,0.0,0.0,1.0,0.0,0.0,0.0,0.0,0.0,0.0,0.0,0.0,0.0,1.0,0.0,1.0,1.0,0.0,0.0,0.0,0.0,0.0,0.0,0.0,0.0,0.0,0.0,0.0,1.0,1.0,3.92
1.02840380715595,-1.1628855085367287,0.982326513129909,0.8788860716314444,-0.755751510402082,0.0,-0.3738212228476445,0.0,0.0,0.0,0.0,1.0,0.0,0.0,0.0,0.0,0.0,0.0,0.0,1.0,0.0,0.0,1.0,0.0,0.0,0.0,0.0,0.0,0.0,0.0,1.0,0.0,0.0,0.0,0.0,1.0,2.0,7.73
-1.0923092221000483,1.2965456652025087,-0.3272797694705599,0.07785308263285094,-0.755751510402082,0.0,-1.2569425009843618,0.0,0.0,0.0,0.0,0.0,0.0,0.0,0.0,1.0,0.0,0.0,0.0,0.0,1.0,1.0,0.0,0.0,1.0,0.0,0.0,0.0,0.0,0.0,0.0,0.0,0.0,0.0,0.0,1.0,2.0,1.24
-1.3952682262794767,-2.046627018514061,0.5947899601154846,-0.15995358597610637,-0.755751510402082,0.0,0.42901630273118935,0.0,1.0,0.0,0.0,0.0,0.0,0.0,0.0,0.0,0.0,1.0,0.0,0.0,0.0,1.0,0.0,0.0,0.0,0.0,0.0,0.0,0.0,0.0,0.0,0.0,1.0,0.0,1.0,0.0,2.0,16.9
1.6343218155148067,-1.4171028405405683,0.4411116718511438,0.4126598397533574,-0.755751510402082,0.0,0.42901630273118935,0.0,0.0,0.0,0.0,0.0,0.0,1.0,0.0,0.0,0.0,0.0,0.0,0.0,1.0,0.0,1.0,0.0,0.0,0.0,0.0,0.0,0.0,0.0,1.0,0.0,0.0,0.0,0.0,1.0,4.0,9.83
-1.698227230458905,0.7998101981100793,-0.5232752675468205,-0.5948894667214367,-0.755751510402082,0.0,1.7135563436573236,0.0,0.0,0.0,0.0,1.0,0.0,0.0,0.0,0.0,0.0,0.0,0.0,0.0,1.0,1.0,0.0,0.0,0.0,0.0,1.0,0.0,0.0,0.0,0.0,0.0,0.0,0.0,0.0,1.0,4.0,1.2
0.7254448029765217,-0.20982484389005254,1.5034963602872387,0.6567245785888659,1.7246637032252639,0.0,0.42901630273118935,0.0,0.0,0.0,0.0,0.0,1.0,0.0,0.0,0.0,0.0,0.0,1.0,0.0,0.0,0.0,1.0,0.0,0.0,0.0,0.0,0.0,1.0,0.0,0.0,0.0,0.0,0.0,0.0,1.0,1.0,5.97
1.3313628113353784,-1.3116970325843298,-0.9419929225279229,-1.220696489376588,-0.755751510402082,0.0,-0.7752399856370614,0.0,0.0,0.0,0.0,0.0,0.0,0.0,1.0,0.0,0.0,0.0,0.0,0.0,1.0,1.0,0.0,0.0,0.0,0.0,0.0,1.0,0.0,0.0,0.0,0.0,0.0,0.0,1.0,0.0,3.0,7.57
-0.18343220956176326,1.1698891420765405,-0.2470997929848169,-0.38524411413196047,-0.755751510402082,0.0,-1.0160912433107117,0.0,0.0,0.0,0.0,0.0,0.0,1.0,0.0,0.0,0.0,0.0,0.0,0.0,1.0,0.0,1.0,0.0,0.0,0.0,0.0,0.0,1.0,0.0,0.0,0.0,0.0,1.0,0.0,0.0,2.0,3.99
0.7254448029765217,-0.7196441954553341,0.9110554229203597,0.9977894059359236,-0.755751510402082,0.0,-1.0963749958685949,0.0,0.0,1.0,0.0,0.0,0.0,0.0,0.0,0.0,0.0,0.0,0.0,0.0,1.0,0.0,1.0,0.0,1.0,0.0,0.0,0.0,0.0,0.0,0.0,0.0,0.0,0.0,0.0,1.0,2.0,5.4
-1.3952682262794767,0.6307370214338929,-1.0399906715660532,-1.4021805259465818,1.7246637032252639,0.0,0.7501513129627229,0.0,0.0,1.0,0.0,0.0,0.0,0.0,0.0,0.0,0.0,0.0,0.0,0.0,1.0,1.0,0.0,1.0,0.0,0.0,0.0,0.0,0.0,0.0,0.0,0.0,0.0,0.0,0.0,1.0,0.0,1.2
-1.698227230458905,1.4127181253923469,0.22729840122249584,0.7193052808543811,-0.755751510402082,0.0,-1.0963749958685949,1.0,0.0,0.0,0.0,0.0,0.0,0.0,0.0,0.0,0.0,0.0,0.0,0.0,1.0,0.0,1.0,0.0,0.0,0.0,0.0,0.0,0.0,1.0,0.0,0.0,0.0,0.0,1.0,0.0,2.0,1.2
-1.0923092221000483,-0.07124305241085845,-0.44086806949202917,-0.8389542055569457,-0.755751510402082,0.0,1.3121375808679065,0.0,0.0,0.0,0.0,0.0,0.0,0.0,1.0,0.0,0.0,0.0,0.0,0.0,1.0,1.0,0.0,1.0,0.0,0.0,0.0,0.0,0.0,0.0,0.0,0.0,0.0,0.0,1.0,0.0,4.0,2.27
-0.7893502179206199,1.037948199087887,-0.8083596283850178,-0.6261798178541943,0.484456096411591,0.0,0.6698675604048395,0.0,0.0,0.0,0.0,0.0,0.0,0.0,0.0,0.0,1.0,1.0,0.0,0.0,0.0,0.0,1.0,0.0,0.0,0.0,0.0,0.0,0.0,1.0,0.0,0.0,0.0,0.0,1.0,0.0,0.0,1.71
-1.698227230458905,1.01573668030676,0.4945649895083058,0.4783695771321481,-0.755751510402082,0.0,-0.4541049754055279,0.0,0.0,0.0,0.0,1.0,0.0,0.0,0.0,0.0,0.0,0.0,1.0,0.0,0.0,1.0,0.0,0.0,0.0,0.0,0.0,1.0,0.0,0.0,0.0,0.0,0.0,0.0,0.0,1.0,2.0,1.2
0.11952679461766508,0.07559034655445404,-0.3695969792824798,-0.18185683176903633,1.7246637032252639,0.0,-0.8555237381949448,0.0,0.0,0.0,0.0,0.0,0.0,0.0,0.0,1.0,0.0,0.0,0.0,0.0,1.0,0.0,1.0,0.0,1.0,0.0,0.0,0.0,0.0,0.0,0.0,0.0,0.0,0.0,0.0,1.0,1.0,3.92
-0.4863912137411916,0.267553256325695,-0.8595857244731315,-0.1036309539371424,0.484456096411591,0.0,-1.6583612637737786,0.0,0.0,0.0,0.0,0.0,1.0,0.0,0.0,0.0,0.0,0.0,0.0,0.0,1.0,0.0,1.0,0.0,0.0,0.0,0.0,1.0,0.0,0.0,0.0,0.0,0.0,0.0,0.0,1.0,1.0,1.43
0.11952679461766508,-0.5749302162210451,-0.7682696401421464,-0.18811490199558836,-0.755751510402082,0.0,-0.21325371773187773,0.0,0.0,0.0,1.0,0.0,0.0,0.0,0.0,0.0,0.0,0.0,1.0,0.0,0.0,0.0,1.0,0.0,0.0,0.0,0.0,0.0,1.0,0.0,0.0,0.0,0.0,0.0,0.0,1.0,2.0,3.96
-0.7893502179206199,0.6370670216972165,-0.3673697577134314,-1.6525033350086422,-0.755751510402082,0.0,1.0712863231942564,1.0,0.0,0.0,0.0,0.0,0.0,0.0,0.0,0.0,0.0,0.0,0.0,0.0,1.0,0.0,1.0,0.0,0.0,0.0,0.0,1.0,0.0,0.0,0.0,0.0,0.0,1.0,0.0,0.0,3.0,1.68
1.3313628113353784,-0.8777529073896919,0.7618315777941158,-0.03166314633180054,-0.755751510402082,0.0,-1.2569425009843618,0.0,0.0,0.0,0.0,0.0,0.0,0.0,0.0,1.0,0.0,0.0,0.0,0.0,1.0,1.0,0.0,0.0,0.0,0.0,0.0,0.0,0.0,0.0,0.0,1.0,0.0,0.0,0.0,1.0,3.0,8.59
0.11952679461766508,-0.9126809445569602,-0.9152662636993419,-0.44156674617092445,-0.755751510402082,0.0,-0.2935374702897611,0.0,0.0,1.0,0.0,0.0,0.0,0.0,0.0,0.0,0.0,0.0,1.0,0.0,0.0,1.0,0.0,0.0,0.0,0.0,0.0,1.0,0.0,0.0,0.0,0.0,0.0,1.0,0.0,0.0,3.0,6.45
-0.4863912137411916,-0.8313800036748963,-0.22928202043242957,-0.36959893856558174,-0.755751510402082,0.0,0.5895838078469561,0.0,1.0,0.0,0.0,0.0,0.0,0.0,0.0,0.0,0.0,0.0,0.0,0.0,1.0,0.0,1.0,1.0,0.0,0.0,0.0,0.0,0.0,0.0,0.0,0.0,0.0,0.0,1.0,0.0,1.0,2.94
0.4224857987970934,-0.849607013361699,0.74178658367268,0.38449852373387544,-0.755751510402082,0.0,0.42901630273118935,0.0,0.0,0.0,0.0,0.0,0.0,0.0,1.0,0.0,0.0,0.0,1.0,0.0,0.0,0.0,1.0,1.0,0.0,0.0,0.0,0.0,0.0,0.0,0.0,0.0,0.0,0.0,1.0,0.0,3.0,6.56
0.4224857987970934,-1.0025726000821062,0.27184283260346415,-0.3070182363000666,0.484456096411591,0.0,0.26844879761542256,0.0,0.0,0.0,1.0,0.0,0.0,0.0,0.0,0.0,0.0,1.0,0.0,0.0,0.0,1.0,0.0,0.0,0.0,0.0,0.0,1.0,0.0,0.0,0.0,0.0,0.0,0.0,1.0,0.0,2.0,5.02
-1.698227230458905,0.6827899700278316,0.10702843649388133,0.1498208902381937,1.7246637032252639,0.0,-1.4175100061001285,0.0,0.0,0.0,0.0,1.0,0.0,0.0,0.0,0.0,0.0,0.0,0.0,1.0,0.0,1.0,0.0,0.0,1.0,0.0,0.0,0.0,0.0,0.0,0.0,0.0,0.0,1.0,0.0,0.0,2.0,1.2
1.6343218155148067,-1.7471671399853048,1.0357798307870711,0.5691115954171453,-0.755751510402082,0.0,-0.21325371773187773,0.0,0.0,0.0,0.0,0.0,1.0,0.0,0.0,0.0,0.0,0.0,0.0,0.0,1.0,0.0,1.0,0.0,1.0,0.0,0.0,0.0,0.0,0.0,0.0,0.0,0.0,0.0,0.0,1.0,2.0,9.36
0.4224857987970934,-0.43988079096022364,0.6727427150321792,-1.0830189443924545,0.484456096411591,0.0,1.7135563436573236,0.0,1.0,0.0,0.0,0.0,0.0,0.0,0.0,0.0,0.0,0.0,0.0,0.0,1.0,1.0,0.0,0.0,0.0,0.0,0.0,1.0,0.0,0.0,0.0,0.0,0.0,0.0,1.0,0.0,2.0,5.11
1.3313628113353784,-0.7849788410303538,0.48565610323211217,1.3075638821502236,0.484456096411591,0.0,-1.2569425009843618,0.0,1.0,0.0,0.0,0.0,0.0,0.0,0.0,0.0,0.0,0.0,0.0,1.0,0.0,1.0,0.0,1.0,0.0,0.0,0.0,0.0,0.0,0.0,0.0,0.0,0.0,0.0,0.0,1.0,2.0,9.76
-1.698227230458905,1.709154298438176,2.7796943193519814,-0.8514703460100483,-0.755751510402082,0.0,-1.0160912433107117,0.0,0.0,0.0,0.0,0.0,0.0,0.0,0.0,0.0,1.0,0.0,0.0,1.0,0.0,0.0,1.0,0.0,0.0,0.0,0.0,0.0,0.0,1.0,0.0,0.0,0.0,0.0,1.0,0.0,2.0,1.2
0.7254448029765217,-0.3406636886185739,0.17607230513438224,0.775627912893345,1.7246637032252639,0.0,1.0712863231942564,0.0,0.0,0.0,1.0,0.0,0.0,0.0,0.0,0.0,0.0,0.0,0.0,0.0,1.0,0.0,1.0,0.0,0.0,0.0,0.0,0.0,0.0,0.0,0.0,0.0,1.0,0.0,1.0,0.0,0.0,5.95
1.3313628113353784,-1.447029047142621,-1.632431608932932,-0.059824462351282526,-0.755751510402082,0.0,-0.2935374702897611,0.0,0.0,0.0,0.0,0.0,0.0,0.0,0.0,0.0,1.0,0.0,0.0,1.0,0.0,0.0,1.0,0.0,0.0,0.0,0.0,0.0,0.0,0.0,1.0,0.0,0.0,0.0,0.0,1.0,1.0,8.89
1.02840380715595,-1.1026939881756594,0.5235188699059352,0.9696280899164416,-0.755751510402082,0.0,-0.2935374702897611,0.0,0.0,0.0,0.0,0.0,0.0,0.0,0.0,0.0,1.0,0.0,0.0,0.0,1.0,1.0,0.0,1.0,0.0,0.0,0.0,0.0,0.0,0.0,0.0,0.0,0.0,0.0,0.0,1.0,3.0,6.97
-0.4863912137411916,0.5135472397731633,-1.2805306010232822,-0.5948894667214367,0.484456096411591,0.0,1.39242133342579,0.0,0.0,0.0,0.0,1.0,0.0,0.0,0.0,0.0,0.0,0.0,0.0,0.0,1.0,0.0,1.0,0.0,0.0,0.0,0.0,0.0,0.0,0.0,0.0,1.0,0.0,0.0,1.0,0.0,3.0,3.36
0.7254448029765217,-0.1923325663766714,1.089233148444233,1.5359834454193533,0.484456096411591,0.0,-1.5780775112158953,0.0,0.0,1.0,0.0,0.0,0.0,0.0,0.0,0.0,0.0,0.0,0.0,0.0,1.0,0.0,1.0,0.0,0.0,0.0,0.0,0.0,1.0,0.0,0.0,0.0,0.0,0.0,0.0,1.0,2.0,6.99
0.11952679461766508,-0.4639008812451574,-0.2070098047419454,0.3375629970347391,-0.755751510402082,0.0,0.6698675604048395,0.0,0.0,0.0,0.0,0.0,0.0,0.0,0.0,0.0,1.0,0.0,0.0,0.0,1.0,0.0,1.0,0.0,0.0,0.0,0.0,0.0,0.0,0.0,1.0,0.0,0.0,0.0,1.0,0.0,3.0,4.85
0.4224857987970934,-0.2554912743611736,-0.40968696752535133,0.36885334816749665,-0.755751510402082,0.0,-0.4541049754055279,0.0,0.0,0.0,0.0,0.0,0.0,0.0,1.0,0.0,0.0,0.0,1.0,0.0,0.0,0.0,1.0,0.0,1.0,0.0,0.0,0.0,0.0,0.0,0.0,0.0,0.0,1.0,0.0,0.0,3.0,6.23
-0.7893502179206199,0.2687966492345621,-1.5166160873424144,-1.9090842142972544,0.484456096411591,0.0,0.6698675604048395,0.0,0.0,0.0,1.0,0.0,0.0,0.0,0.0,0.0,0.0,0.0,0.0,0.0,1.0,0.0,1.0,0.0,1.0,0.0,0.0,0.0,0.0,0.0,0.0,0.0,0.0,0.0,0.0,1.0,3.0,1.95
-0.4863912137411916,0.6545027813511037,1.4700880367515123,1.3607574790759112,-0.755751510402082,0.0,-1.2569425009843618,1.0,0.0,0.0,0.0,0.0,0.0,0.0,0.0,0.0,0.0,1.0,0.0,0.0,0.0,1.0,0.0,0.0,0.0,0.0,1.0,0.0,0.0,0.0,0.0,0.0,0.0,0.0,0.0,1.0,3.0,3.25
1.02840380715595,-0.0067561747282481495,0.19166285611772116,0.8256924747057569,-0.755751510402082,0.0,0.7501513129627229,0.0,0.0,0.0,1.0,0.0,0.0,0.0,0.0,0.0,0.0,1.0,0.0,0.0,0.0,0.0,1.0,0.0,0.0,0.0,0.0,1.0,0.0,0.0,0.0,0.0,0.0,1.0,0.0,0.0,3.0,8.42
-1.0923092221000483,0.162712626964396,-1.2137139539518298,-0.6136636774010911,1.7246637032252639,0.0,-0.2935374702897611,0.0,0.0,0.0,0.0,0.0,0.0,0.0,0.0,1.0,0.0,0.0,1.0,0.0,0.0,0.0,1.0,0.0,0.0,0.0,0.0,0.0,0.0,1.0,0.0,0.0,0.0,0.0,1.0,0.0,2.0,2.33
-0.7893502179206199,1.5991705438629267,2.7796943193519814,2.6530489808587987,1.7246637032252639,0.0,-0.5343887279634113,0.0,0.0,0.0,0.0,0.0,0.0,0.0,0.0,1.0,0.0,0.0,0.0,0.0,1.0,0.0,1.0,0.0,0.0,0.0,0.0,0.0,0.0,0.0,0.0,0.0,1.0,1.0,0.0,0.0,2.0,2.75
1.6343218155148067,2.731958001700401,1.4856785877348513,1.8739192376531353,-0.755751510402082,0.0,1.6332725910994401,0.0,0.0,0.0,0.0,0.0,0.0,0.0,0.0,1.0,0.0,0.0,1.0,0.0,0.0,0.0,1.0,0.0,0.0,0.0,0.0,0.0,0.0,0.0,0.0,0.0,1.0,0.0,0.0,1.0,2.0,12.8
-0.18343220956176326,0.16621673425302164,0.1270734306153171,-0.8702445566897032,0.484456096411591,0.0,-1.6583612637737786,0.0,0.0,0.0,0.0,0.0,0.0,0.0,0.0,0.0,1.0,0.0,0.0,0.0,1.0,0.0,1.0,0.0,1.0,0.0,0.0,0.0,0.0,0.0,0.0,0.0,0.0,0.0,1.0,0.0,2.0,3.12
1.3313628113353784,-1.9307654065514392,0.7996943444679389,1.1448540562598837,-0.755751510402082,0.0,-1.4175100061001285,0.0,0.0,0.0,0.0,0.0,0.0,0.0,0.0,1.0,0.0,1.0,0.0,0.0,0.0,0.0,1.0,0.0,0.0,0.0,0.0,0.0,0.0,0.0,0.0,1.0,0.0,0.0,0.0,1.0,3.0,9.3
0.7254448029765217,0.17288584167330912,-0.4141414106634482,-1.2081803489234848,-0.755751510402082,0.0,1.3121375808679065,0.0,0.0,0.0,0.0,0.0,0.0,0.0,1.0,0.0,0.0,0.0,0.0,0.0,1.0,0.0,1.0,0.0,0.0,0.0,0.0,0.0,0.0,0.0,1.0,0.0,0.0,0.0,1.0,0.0,2.0,6.14
-1.698227230458905,1.054084047973413,-1.26939449317804,-0.9891478909941819,-0.755751510402082,0.0,-1.3372262535422452,0.0,0.0,0.0,0.0,1.0,0.0,0.0,0.0,0.0,0.0,0.0,1.0,0.0,0.0,0.0,1.0,0.0,0.0,0.0,0.0,0.0,0.0,0.0,1.0,0.0,0.0,0.0,0.0,1.0,1.0,1.2
0.11952679461766508,0.22024780792924903,-0.3874147518348672,-0.10050191882386683,0.484456096411591,0.0,-0.2935374702897611,0.0,0.0,0.0,0.0,0.0,0.0,0.0,0.0,1.0,0.0,0.0,0.0,0.0,1.0,1.0,0.0,0.0,0.0,1.0,0.0,0.0,0.0,0.0,0.0,0.0,0.0,1.0,0.0,0.0,2.0,4.83
-1.698227230458905,0.7967299747676584,0.55915441501071,-1.6963098265945027,0.484456096411591,0.0,1.3121375808679065,1.0,0.0,0.0,0.0,0.0,0.0,0.0,0.0,0.0,0.0,0.0,1.0,0.0,0.0,1.0,0.0,0.0,0.0,0.0,0.0,1.0,0.0,0.0,0.0,0.0,0.0,0.0,0.0,1.0,1.0,1.2
-0.18343220956176326,-0.04835331931580396,-0.7526790891588074,-0.14117937529645203,0.484456096411591,0.0,0.991002570636373,0.0,1.0,0.0,0.0,0.0,0.0,0.0,0.0,0.0,0.0,0.0,1.0,0.0,0.0,0.0,1.0,0.0,0.0,0.0,0.0,0.0,0.0,0.0,0.0,1.0,0.0,0.0,1.0,0.0,2.0,5.3
-1.698227230458905,0.8559041736578362,0.5034738757844995,0.8538537907252389,-0.755751510402082,0.0,1.0712863231942564,0.0,0.0,0.0,0.0,0.0,0.0,0.0,0.0,0.0,1.0,0.0,0.0,0.0,1.0,1.0,0.0,0.0,0.0,0.0,0.0,0.0,0.0,0.0,0.0,0.0,1.0,1.0,0.0,0.0,2.0,1.2
-1.0923092221000483,1.629633670130172,0.5569271934416615,0.04969176661336895,-0.755751510402082,0.0,0.8304350655206063,0.0,0.0,0.0,0.0,0.0,0.0,1.0,0.0,0.0,0.0,0.0,0.0,0.0,1.0,0.0,1.0,0.0,0.0,0.0,0.0,0.0,0.0,1.0,0.0,0.0,0.0,0.0,0.0,1.0,1.0,1.82
-0.4863912137411916,0.2552323629560113,0.303023934570142,0.8350795800455846,2.3447675066321003,0.0,1.1515700757521399,0.0,1.0,0.0,0.0,0.0,0.0,0.0,0.0,0.0,0.0,1.0,0.0,0.0,0.0,0.0,1.0,0.0,0.0,0.0,0.0,0.0,1.0,0.0,0.0,0.0,0.0,1.0,0.0,0.0,2.0,3.37
1.6343218155148067,-1.6601296363646036,-0.8595857244731315,-0.08485674325748804,-0.755751510402082,0.0,1.3121375808679065,1.0,0.0,0.0,0.0,0.0,0.0,0.0,0.0,0.0,0.0,0.0,1.0,0.0,0.0,0.0,1.0,0.0,0.0,1.0,0.0,0.0,0.0,0.0,0.0,0.0,0.0,0.0,1.0,0.0,1.0,7.95
1.3313628113353784,-1.1126128725168498,0.15825453258199493,0.5253051038312845,-0.755751510402082,0.0,0.7501513129627229,1.0,0.0,0.0,0.0,0.0,0.0,0.0,0.0,0.0,0.0,0.0,0.0,0.0,1.0,1.0,0.0,0.0,0.0,0.0,0.0,0.0,0.0,0.0,0.0,1.0,0.0,0.0,0.0,1.0,1.0,8.03
1.02840380715595,-0.1951019414918755,0.4812016600940153,0.4126598397533574,0.484456096411591,0.0,0.18816504505753917,0.0,0.0,0.0,1.0,0.0,0.0,0.0,0.0,0.0,0.0,0.0,1.0,0.0,0.0,0.0,1.0,0.0,0.0,0.0,0.0,0.0,0.0,0.0,0.0,0.0,1.0,0.0,1.0,0.0,2.0,7.09
-1.698227230458905,0.8189414935487853,-0.9308568146826808,-0.6418249934205731,0.484456096411591,0.0,-1.1766587484264783,0.0,0.0,0.0,0.0,0.0,0.0,0.0,1.0,0.0,0.0,0.0,0.0,0.0,1.0,0.0,1.0,1.0,0.0,0.0,0.0,0.0,0.0,0.0,0.0,0.0,0.0,0.0,0.0,1.0,4.0,1.2
0.4224857987970934,-0.20965529031157065,0.5502455287345163,0.48149861224542373,-0.755751510402082,0.0,-0.6146724805212946,0.0,0.0,0.0,0.0,0.0,0.0,0.0,0.0,1.0,0.0,0.0,0.0,0.0,1.0,0.0,1.0,0.0,0.0,0.0,0.0,1.0,0.0,0.0,0.0,0.0,0.0,0.0,0.0,1.0,3.0,5.51
-1.698227230458905,2.2107785603768333,-0.3272797694705599,-0.5698571858152303,0.484456096411591,0.0,1.39242133342579,0.0,0.0,0.0,1.0,0.0,0.0,0.0,0.0,0.0,0.0,0.0,0.0,0.0,1.0,1.0,0.0,0.0,0.0,0.0,0.0,0.0,0.0,0.0,1.0,0.0,0.0,0.0,1.0,0.0,1.0,1.2
0.11952679461766508,-0.3620556984370384,-0.05555873804665308,-0.4540828866240277,-0.755751510402082,0.0,1.4727050859836732,0.0,0.0,0.0,0.0,0.0,0.0,0.0,0.0,0.0,1.0,0.0,0.0,0.0,1.0,1.0,0.0,0.0,0.0,0.0,1.0,0.0,0.0,0.0,0.0,0.0,0.0,0.0,0.0,1.0,4.0,5.93
0.7254448029765217,0.08929592748173976,-0.6569085616897256,-0.32892148209299743,-0.755751510402082,0.0,-0.6146724805212946,0.0,0.0,0.0,1.0,0.0,0.0,0.0,0.0,0.0,0.0,0.0,1.0,0.0,0.0,1.0,0.0,0.0,0.0,0.0,1.0,0.0,0.0,0.0,0.0,0.0,0.0,0.0,1.0,0.0,2.0,5.3
-0.18343220956176326,1.4795504942439566,-0.013241528234733164,0.443950190886115,-0.755751510402082,0.0,-1.4175100061001285,0.0,1.0,0.0,0.0,0.0,0.0,0.0,0.0,0.0,0.0,0.0,1.0,0.0,0.0,1.0,0.0,0.0,0.0,0.0,1.0,0.0,0.0,0.0,0.0,0.0,0.0,0.0,1.0,0.0,3.0,3.68
0.11952679461766508,-0.05660492680192237,-0.14910204394668658,-1.7244711426139847,0.484456096411591,0.0,1.6332725910994401,1.0,0.0,0.0,0.0,0.0,0.0,0.0,0.0,0.0,0.0,0.0,1.0,0.0,0.0,0.0,1.0,1.0,0.0,0.0,0.0,0.0,0.0,0.0,0.0,0.0,0.0,0.0,0.0,1.0,4.0,5.57
